asset,anchor,trades,hit_rate,hit_rate_long,hit_rate_short,pct_long,corr_dir_ret
ES,1,252,0.5515873015873016,0.5202702702702703,0.5961538461538461,0.5873015873015873,0.04694483089536787
ES,31,207,0.5458937198067633,0.5520833333333334,0.5405405405405406,0.463768115942029,0.055772942168350964
ES,61,252,0.5317460317460317,0.5648854961832062,0.49586776859504134,0.5198412698412699,0.03141923871967119
ES,91,238,0.4831932773109244,0.5736434108527132,0.3761467889908257,0.542016806722689,0.006177509999191145
ES,121,226,0.42920353982300885,0.421875,0.4387755102040816,0.5663716814159292,-0.10715044202432003
NQ,1,228,0.5350877192982456,0.515625,0.56,0.5614035087719298,0.035826399269400865
NQ,31,208,0.5528846153846154,0.6,0.5092592592592593,0.4807692307692308,0.07273997505689594
NQ,61,225,0.5288888888888889,0.5258620689655172,0.5321100917431193,0.5155555555555555,-0.06580057104066776
NQ,91,227,0.5154185022026432,0.5258620689655172,0.5045045045045045,0.5110132158590308,-0.0291805520591913
NQ,121,193,0.46113989637305697,0.4519230769230769,0.47191011235955055,0.538860103626943,-0.012918163256038983
ZN,1,401,0.5037406483790524,0.46107784431137727,0.5341880341880342,0.4164588528678304,-0.07293202891278788
ZN,31,356,0.4747191011235955,0.45161290322580644,0.4925373134328358,0.4353932584269663,-0.017728229817409576
ZN,61,362,0.48066298342541436,0.4797687861271676,0.48148148148148145,0.47790055248618785,0.0864032915389661
ZN,91,330,0.5303030303030303,0.5621301775147929,0.4968944099378882,0.5121212121212121,0.02425652336068759
ZN,121,312,0.4775641025641026,0.4818181818181818,0.4752475247524752,0.3525641025641026,-0.042432301312845755
