asset,book,month,year,calendar_month,return_%
ES,strategy,2021-01-01,2021,1,0.8566051730542315
ES,strategy,2021-02-01,2021,2,-0.40394698974289694
ES,strategy,2021-03-01,2021,3,1.9534287391720744
ES,strategy,2021-04-01,2021,4,0.5960715848188127
ES,strategy,2021-05-01,2021,5,1.187916514673059
ES,strategy,2021-06-01,2021,6,-0.18534711820440455
ES,strategy,2021-07-01,2021,7,-0.30050690010930675
ES,strategy,2021-08-01,2021,8,0.33981864611321894
ES,strategy,2021-09-01,2021,9,0.713989693156062
ES,strategy,2021-10-01,2021,10,-0.7141366118260296
ES,strategy,2021-11-01,2021,11,0.26768515278246235
ES,strategy,2021-12-01,2021,12,-0.3181400267802569
ES,strategy,2022-01-01,2022,1,-0.02622027746988227
ES,strategy,2022-02-01,2022,2,0.40210235200817396
ES,strategy,2022-03-01,2022,3,-0.6982148063172664
ES,strategy,2022-04-01,2022,4,-0.45451654575783373
ES,strategy,2022-05-01,2022,5,-2.3683413746479927
ES,strategy,2022-06-01,2022,6,0.17661521112863907
ES,strategy,2022-07-01,2022,7,-0.13434800879820932
ES,strategy,2022-08-01,2022,8,-0.16023547862554197
ES,strategy,2022-09-01,2022,9,-0.20034953927168642
ES,strategy,2022-10-01,2022,10,-0.7277895550001557
ES,strategy,2022-11-01,2022,11,1.0222144327509965
ES,strategy,2022-12-01,2022,12,0.25512953575494535
ES,strategy,2023-01-01,2023,1,-2.4632638023767446
ES,strategy,2023-02-01,2023,2,0.8571775636793015
ES,strategy,2023-03-01,2023,3,1.6849156601556814
ES,strategy,2023-04-01,2023,4,1.0256635801882568
ES,strategy,2023-05-01,2023,5,0.07338033202936871
ES,strategy,2023-06-01,2023,6,-1.5155296247348446
ES,strategy,2023-07-01,2023,7,-0.41353189701653464
ES,strategy,2023-08-01,2023,8,0.4922205730481859
ES,strategy,2023-09-01,2023,9,-0.37201977282434484
ES,strategy,2023-10-01,2023,10,0.5796473946181339
ES,strategy,2023-11-01,2023,11,-0.5192389137629049
ES,strategy,2023-12-01,2023,12,-0.3567005473920439
ES,strategy,2024-01-01,2024,1,1.1609064686912989
ES,strategy,2024-02-01,2024,2,0.8115366183950111
ES,strategy,2024-03-01,2024,3,-0.5748630608577328
ES,strategy,2024-04-01,2024,4,0.8140350552756985
ES,strategy,2024-05-01,2024,5,0.5429433315448281
ES,strategy,2024-06-01,2024,6,0.6288211949835291
ES,strategy,2024-07-01,2024,7,1.0800744596077738
ES,strategy,2024-08-01,2024,8,-2.2899231142886
ES,strategy,2024-09-01,2024,9,0.895574707157795
ES,strategy,2024-10-01,2024,10,-0.4367013315745001
ES,strategy,2024-11-01,2024,11,-1.0100216124671033
ES,strategy,2024-12-01,2024,12,1.0050297133584052
ES,strategy,2025-01-01,2025,1,-0.6671796491183397
ES,strategy,2025-02-01,2025,2,2.4782068175164906
ES,strategy,2025-03-01,2025,3,-0.365194108248489
ES,strategy,2025-04-01,2025,4,0.7416714482248898
ES,strategy,2025-05-01,2025,5,1.1739597774998114
ES,strategy,2025-06-01,2025,6,0.5772282247767859
ES,strategy,2025-07-01,2025,7,0.43281863260217984
ES,strategy,2025-08-01,2025,8,1.178407383691621
ES,strategy,2025-09-01,2025,9,1.498060426143212
ES,strategy,2025-10-01,2025,10,-0.9032075042535128
ES,strategy,2025-11-01,2025,11,1.0991178386504337
ES,strategy,2025-12-01,2025,12,-0.7502709746751067
ES,strategy,2026-01-01,2026,1,0.6688589561894338
ES,strategy,2026-02-01,2026,2,-0.10600542356049428
ES,strategy,2026-03-01,2026,3,-0.3546142549653895
ES,strategy,2026-04-01,2026,4,-1.6942532870018763
ES,strategy,2026-05-01,2026,5,-0.3881653463585593
ES,strategy,2026-06-01,2026,6,0.5927302046607822
ES,always-long,2021-01-01,2021,1,-0.6220025810758062
ES,always-long,2021-02-01,2021,2,0.050681918982780995
ES,always-long,2021-03-01,2021,3,1.5952252255459285
ES,always-long,2021-04-01,2021,4,0.8807539821282344
ES,always-long,2021-05-01,2021,5,0.6516192128705878
ES,always-long,2021-06-01,2021,6,-0.23286596455578923
ES,always-long,2021-07-01,2021,7,-0.23320983996150166
ES,always-long,2021-08-01,2021,8,-1.1619093561326843
ES,always-long,2021-09-01,2021,9,-0.251187033795681
ES,always-long,2021-10-01,2021,10,0.726150907400215
ES,always-long,2021-11-01,2021,11,0.7078041003110788
ES,always-long,2021-12-01,2021,12,0.06187553940033206
ES,always-long,2022-01-01,2022,1,-0.15233150887674238
ES,always-long,2022-02-01,2022,2,-0.2727645210219512
ES,always-long,2022-03-01,2022,3,-1.9686394434282948
ES,always-long,2022-04-01,2022,4,-1.5028454043541453
ES,always-long,2022-05-01,2022,5,1.6410406012520784
ES,always-long,2022-06-01,2022,6,-2.249150813075839
ES,always-long,2022-07-01,2022,7,1.36844700149381
ES,always-long,2022-08-01,2022,8,0.9932462894571473
ES,always-long,2022-09-01,2022,9,-1.371066296960455
ES,always-long,2022-10-01,2022,10,-0.7988659604535855
ES,always-long,2022-11-01,2022,11,2.375865820927855
ES,always-long,2022-12-01,2022,12,-1.1491577056848252
ES,always-long,2023-01-01,2023,1,-0.1250590575476458
ES,always-long,2023-02-01,2023,2,0.06652896176109593
ES,always-long,2023-03-01,2023,3,0.6024791673419634
ES,always-long,2023-04-01,2023,4,-1.1467374234006364
ES,always-long,2023-05-01,2023,5,0.09285499857668952
ES,always-long,2023-06-01,2023,6,2.1864519380137595
ES,always-long,2023-07-01,2023,7,-0.018633158748036446
ES,always-long,2023-08-01,2023,8,-0.3918693794733631
ES,always-long,2023-09-01,2023,9,-0.2610340486129408
ES,always-long,2023-10-01,2023,10,0.32649955282402243
ES,always-long,2023-11-01,2023,11,0.7760337920252479
ES,always-long,2023-12-01,2023,12,0.3944260337152062
ES,always-long,2024-01-01,2024,1,0.3604198772167696
ES,always-long,2024-02-01,2024,2,0.7955511506432973
ES,always-long,2024-03-01,2024,3,0.16184811664229165
ES,always-long,2024-04-01,2024,4,0.01776687151154386
ES,always-long,2024-05-01,2024,5,-0.45185122530172755
ES,always-long,2024-06-01,2024,6,0.2754555969874053
ES,always-long,2024-07-01,2024,7,-0.3242672281545127
ES,always-long,2024-08-01,2024,8,-1.8761777153587198
ES,always-long,2024-09-01,2024,9,-0.46664191111598413
ES,always-long,2024-10-01,2024,10,-0.6743171100825459
ES,always-long,2024-11-01,2024,11,-0.3817320807549812
ES,always-long,2024-12-01,2024,12,0.6385163638858858
ES,always-long,2025-01-01,2025,1,-1.0766303710880956
ES,always-long,2025-02-01,2025,2,1.7842532007278282
ES,always-long,2025-03-01,2025,3,-1.9579170656605536
ES,always-long,2025-04-01,2025,4,-2.792467748602359
ES,always-long,2025-05-01,2025,5,0.8369808869826055
ES,always-long,2025-06-01,2025,6,0.42671310566330006
ES,always-long,2025-07-01,2025,7,0.33980791010261796
ES,always-long,2025-08-01,2025,8,-0.5300400531849082
ES,always-long,2025-09-01,2025,9,-1.1494640035041497
ES,always-long,2025-10-01,2025,10,0.8325476620397876
ES,always-long,2025-11-01,2025,11,0.7895119405287643
ES,always-long,2025-12-01,2025,12,0.6831388381993696
ES,always-long,2026-01-01,2026,1,-0.3774966031813319
ES,always-long,2026-02-01,2026,2,-0.6620290605610921
ES,always-long,2026-03-01,2026,3,-0.2758017864934425
ES,always-long,2026-04-01,2026,4,-1.0173221607550051
ES,always-long,2026-05-01,2026,5,-0.10694050708709298
ES,always-long,2026-06-01,2026,6,-0.9166791512175407
NQ,strategy,2021-01-01,2021,1,1.0756004177456122
NQ,strategy,2021-02-01,2021,2,2.454147992659224
NQ,strategy,2021-03-01,2021,3,-0.8278912970856634
NQ,strategy,2021-04-01,2021,4,-0.9530948447779357
NQ,strategy,2021-05-01,2021,5,-0.3940468151626358
NQ,strategy,2021-06-01,2021,6,0.23346249968482424
NQ,strategy,2021-07-01,2021,7,0.371905860221502
NQ,strategy,2021-08-01,2021,8,1.2937317530984822
NQ,strategy,2021-09-01,2021,9,0.22497761885043313
NQ,strategy,2021-10-01,2021,10,-0.3003757298601599
NQ,strategy,2021-11-01,2021,11,0.7551757175551783
NQ,strategy,2021-12-01,2021,12,-0.6800378472704112
NQ,strategy,2022-01-01,2022,1,1.141021769714725
NQ,strategy,2022-02-01,2022,2,0.9391773599515371
NQ,strategy,2022-03-01,2022,3,0.6380780235476657
NQ,strategy,2022-04-01,2022,4,0.9698729006190419
NQ,strategy,2022-05-01,2022,5,-4.713879649084689
NQ,strategy,2022-06-01,2022,6,-1.415458376747412
NQ,strategy,2022-07-01,2022,7,-0.4327301894340447
NQ,strategy,2022-08-01,2022,8,-0.17052148872843043
NQ,strategy,2022-09-01,2022,9,1.7213538890101012
NQ,strategy,2022-10-01,2022,10,-0.14619146427178145
NQ,strategy,2022-11-01,2022,11,-0.38893439932625773
NQ,strategy,2022-12-01,2022,12,-2.202946060046168
NQ,strategy,2023-01-01,2023,1,-2.786295886598122
NQ,strategy,2023-02-01,2023,2,0.4560104828970691
NQ,strategy,2023-03-01,2023,3,-0.6585709514819017
NQ,strategy,2023-04-01,2023,4,0.5975559169736624
NQ,strategy,2023-05-01,2023,5,0.5200551396181502
NQ,strategy,2023-06-01,2023,6,-0.0073144729023423595
NQ,strategy,2023-07-01,2023,7,0.020428392561471897
NQ,strategy,2023-08-01,2023,8,0.7271667170139318
NQ,strategy,2023-09-01,2023,9,-0.3247301853745209
NQ,strategy,2023-10-01,2023,10,0.5913374413045515
NQ,strategy,2023-11-01,2023,11,-0.5182695379168343
NQ,strategy,2023-12-01,2023,12,-0.29122083384514047
NQ,strategy,2024-01-01,2024,1,0.07337832221260016
NQ,strategy,2024-02-01,2024,2,-0.4775680011677139
NQ,strategy,2024-03-01,2024,3,-0.169043313026873
NQ,strategy,2024-04-01,2024,4,-0.5597580364585869
NQ,strategy,2024-05-01,2024,5,0.14777097588666974
NQ,strategy,2024-06-01,2024,6,1.3782959793219254
NQ,strategy,2024-07-01,2024,7,0.02637655693164021
NQ,strategy,2024-08-01,2024,8,0.17264078786123221
NQ,strategy,2024-09-01,2024,9,0.6970646230431838
NQ,strategy,2024-10-01,2024,10,0.43661165854143136
NQ,strategy,2024-11-01,2024,11,0.9122078126141767
NQ,strategy,2024-12-01,2024,12,-1.144964039916447
NQ,strategy,2025-01-01,2025,1,-0.42494087325873336
NQ,strategy,2025-02-01,2025,2,2.020388840819798
NQ,strategy,2025-03-01,2025,3,0.7979197793169891
NQ,strategy,2025-04-01,2025,4,2.2005807477957795
NQ,strategy,2025-05-01,2025,5,-0.48777980711414926
NQ,strategy,2025-06-01,2025,6,1.218089518124844
NQ,strategy,2025-07-01,2025,7,-0.28368973392023183
NQ,strategy,2025-08-01,2025,8,2.9829377392554295
NQ,strategy,2025-09-01,2025,9,2.8029177874637456
NQ,strategy,2025-10-01,2025,10,-0.30169104097355065
NQ,strategy,2025-11-01,2025,11,0.5791452251917096
NQ,strategy,2025-12-01,2025,12,-0.0796231906047822
NQ,strategy,2026-01-01,2026,1,2.07156406329557
NQ,strategy,2026-02-01,2026,2,2.3888797214158233
NQ,strategy,2026-03-01,2026,3,-0.9435595160728312
NQ,strategy,2026-04-01,2026,4,-0.7319713461449875
NQ,strategy,2026-05-01,2026,5,-0.2442702985921808
NQ,strategy,2026-06-01,2026,6,-0.8656739936157902
NQ,always-long,2021-01-01,2021,1,-0.9902307740364371
NQ,always-long,2021-02-01,2021,2,1.8974118462232044
NQ,always-long,2021-03-01,2021,3,-0.5314926922172847
NQ,always-long,2021-04-01,2021,4,0.8534719076091299
NQ,always-long,2021-05-01,2021,5,-0.7790924562904961
NQ,always-long,2021-06-01,2021,6,0.815487119684459
NQ,always-long,2021-07-01,2021,7,-0.041764139150424616
NQ,always-long,2021-08-01,2021,8,-1.4038543768828924
NQ,always-long,2021-09-01,2021,9,-0.5195312166021815
NQ,always-long,2021-10-01,2021,10,0.5464547198419687
NQ,always-long,2021-11-01,2021,11,0.8934644640968233
NQ,always-long,2021-12-01,2021,12,-1.4743989108824176
NQ,always-long,2022-01-01,2022,1,-2.7268538709613472
NQ,always-long,2022-02-01,2022,2,0.926187675034317
NQ,always-long,2022-03-01,2022,3,-1.4617998665172576
NQ,always-long,2022-04-01,2022,4,-2.2854579692681902
NQ,always-long,2022-05-01,2022,5,2.487486883672031
NQ,always-long,2022-06-01,2022,6,-4.563357036791618
NQ,always-long,2022-07-01,2022,7,0.16397824801713873
NQ,always-long,2022-08-01,2022,8,-0.8356016285404826
NQ,always-long,2022-09-01,2022,9,-1.2781722623980314
NQ,always-long,2022-10-01,2022,10,-1.1358655978579886
NQ,always-long,2022-11-01,2022,11,1.0834899955974244
NQ,always-long,2022-12-01,2022,12,-2.0490510194678477
NQ,always-long,2023-01-01,2023,1,0.2532405933679286
NQ,always-long,2023-02-01,2023,2,-0.38120329665336605
NQ,always-long,2023-03-01,2023,3,0.1084197453717125
NQ,always-long,2023-04-01,2023,4,-0.9854223411957793
NQ,always-long,2023-05-01,2023,5,1.6071435785199544
NQ,always-long,2023-06-01,2023,6,0.8112920033048772
NQ,always-long,2023-07-01,2023,7,-0.14843393036538316
NQ,always-long,2023-08-01,2023,8,-1.2198940665323108
NQ,always-long,2023-09-01,2023,9,0.2718345344226776
NQ,always-long,2023-10-01,2023,10,0.4381236565356851
NQ,always-long,2023-11-01,2023,11,0.6865466795328524
NQ,always-long,2023-12-01,2023,12,0.5253083930008776
NQ,always-long,2024-01-01,2024,1,0.3791984297733231
NQ,always-long,2024-02-01,2024,2,0.025191016548725145
NQ,always-long,2024-03-01,2024,3,0.1158752800194553
NQ,always-long,2024-04-01,2024,4,-0.24152901037244465
NQ,always-long,2024-05-01,2024,5,0.24900559381806964
NQ,always-long,2024-06-01,2024,6,-1.097627428689359
NQ,always-long,2024-07-01,2024,7,-0.09047398487597022
NQ,always-long,2024-08-01,2024,8,-2.0725302738428097
NQ,always-long,2024-09-01,2024,9,-2.0500964192019633
NQ,always-long,2024-10-01,2024,10,-0.9882336556218057
NQ,always-long,2024-11-01,2024,11,0.8513405293229721
NQ,always-long,2024-12-01,2024,12,1.4026104166870692
NQ,always-long,2025-01-01,2025,1,-1.2214059509512891
NQ,always-long,2025-02-01,2025,2,1.1334488841764032
NQ,always-long,2025-03-01,2025,3,0.18279735673946262
NQ,always-long,2025-04-01,2025,4,-2.248024452938341
NQ,always-long,2025-05-01,2025,5,1.1723239365344416
NQ,always-long,2025-06-01,2025,6,0.3889338876608695
NQ,always-long,2025-07-01,2025,7,-0.027103230344381047
NQ,always-long,2025-08-01,2025,8,0.9509921542570363
NQ,always-long,2025-09-01,2025,9,-1.7102249484367988
NQ,always-long,2025-10-01,2025,10,0.07134708387333699
NQ,always-long,2025-11-01,2025,11,0.25650612190493616
NQ,always-long,2025-12-01,2025,12,1.1033606967625054
NQ,always-long,2026-01-01,2026,1,-1.407407983125181
NQ,always-long,2026-02-01,2026,2,1.186396010206981
NQ,always-long,2026-03-01,2026,3,0.4548418769512129
NQ,always-long,2026-04-01,2026,4,0.3614661969171037
NQ,always-long,2026-05-01,2026,5,1.003579495001915
NQ,always-long,2026-06-01,2026,6,-0.490755985723804
ZN,strategy,2021-01-01,2021,1,-0.3043853932940675
ZN,strategy,2021-02-01,2021,2,-0.0075865446009214035
ZN,strategy,2021-03-01,2021,3,-0.40354248601900766
ZN,strategy,2021-04-01,2021,4,-0.3197949334038151
ZN,strategy,2021-05-01,2021,5,-0.6932010371539209
ZN,strategy,2021-06-01,2021,6,0.15026765966850167
ZN,strategy,2021-07-01,2021,7,-0.09885427229467321
ZN,strategy,2021-08-01,2021,8,0.244843292395976
ZN,strategy,2021-09-01,2021,9,0.07060423640804232
ZN,strategy,2021-10-01,2021,10,0.14898622611814216
ZN,strategy,2021-11-01,2021,11,0.07858554783690808
ZN,strategy,2021-12-01,2021,12,0.05600133019255875
ZN,strategy,2022-01-01,2022,1,-0.4219474847718559
ZN,strategy,2022-02-01,2022,2,-0.13504295974226113
ZN,strategy,2022-03-01,2022,3,-0.6381643506734731
ZN,strategy,2022-04-01,2022,4,-0.29323881700236365
ZN,strategy,2022-05-01,2022,5,-0.11034067478054478
ZN,strategy,2022-06-01,2022,6,-0.05813704703545471
ZN,strategy,2022-07-01,2022,7,-0.014329271588494343
ZN,strategy,2022-08-01,2022,8,-0.47055798738292043
ZN,strategy,2022-09-01,2022,9,0.49881695095952805
ZN,strategy,2022-10-01,2022,10,0.0022962241680860272
ZN,strategy,2022-11-01,2022,11,-0.07002546757419394
ZN,strategy,2022-12-01,2022,12,-0.09987637939263483
ZN,strategy,2023-01-01,2023,1,-0.28715566094834755
ZN,strategy,2023-02-01,2023,2,0.18091210008706204
ZN,strategy,2023-03-01,2023,3,0.17958931986739138
ZN,strategy,2023-04-01,2023,4,-0.5032422371416153
ZN,strategy,2023-05-01,2023,5,-0.30283033738632725
ZN,strategy,2023-06-01,2023,6,0.3764176856308625
ZN,strategy,2023-07-01,2023,7,-0.22075648490639174
ZN,strategy,2023-08-01,2023,8,-0.6373329996018914
ZN,strategy,2023-09-01,2023,9,-0.16502091939936167
ZN,strategy,2023-10-01,2023,10,-0.21016671221408567
ZN,strategy,2023-11-01,2023,11,0.31356653121397343
ZN,strategy,2023-12-01,2023,12,0.6008300635715926
ZN,strategy,2024-01-01,2024,1,0.1594761232914046
ZN,strategy,2024-02-01,2024,2,-0.5706260048803729
ZN,strategy,2024-03-01,2024,3,0.013375261451681837
ZN,strategy,2024-04-01,2024,4,-0.16222841383395253
ZN,strategy,2024-05-01,2024,5,0.136663113658485
ZN,strategy,2024-06-01,2024,6,-0.05729102539371212
ZN,strategy,2024-07-01,2024,7,-0.5254624267606007
ZN,strategy,2024-08-01,2024,8,0.535167994241501
ZN,strategy,2024-09-01,2024,9,-0.022877263210108082
ZN,strategy,2024-10-01,2024,10,0.030805611231657613
ZN,strategy,2024-11-01,2024,11,-0.01192136793342332
ZN,strategy,2024-12-01,2024,12,-0.22471798556131733
ZN,strategy,2025-01-01,2025,1,-0.14853863972855458
ZN,strategy,2025-02-01,2025,2,0.2242087423223614
ZN,strategy,2025-03-01,2025,3,0.521115698131235
ZN,strategy,2025-04-01,2025,4,-0.7549440480069941
ZN,strategy,2025-05-01,2025,5,-0.20166482517899886
ZN,strategy,2025-06-01,2025,6,0.12922531931893733
ZN,strategy,2025-07-01,2025,7,-0.06833389881176798
ZN,strategy,2025-08-01,2025,8,0.08613055460954847
ZN,strategy,2025-09-01,2025,9,-0.1801907408876754
ZN,strategy,2025-10-01,2025,10,-0.21599852701774555
ZN,strategy,2025-11-01,2025,11,0.17776029035800867
ZN,strategy,2025-12-01,2025,12,-0.19099214334367012
ZN,strategy,2026-01-01,2026,1,-0.4394358446141471
ZN,strategy,2026-02-01,2026,2,0.0026345970913154958
ZN,strategy,2026-03-01,2026,3,-0.3647699407567556
ZN,strategy,2026-04-01,2026,4,-1.02505535759375
ZN,strategy,2026-05-01,2026,5,-0.06106412153386771
ZN,strategy,2026-06-01,2026,6,0.03565740037086584
ZN,always-long,2021-01-01,2021,1,0.25694911842312057
ZN,always-long,2021-02-01,2021,2,-0.09703348956096416
ZN,always-long,2021-03-01,2021,3,-0.18462720688038015
ZN,always-long,2021-04-01,2021,4,0.06105832698196604
ZN,always-long,2021-05-01,2021,5,-0.6162970532390746
ZN,always-long,2021-06-01,2021,6,0.4077278358413237
ZN,always-long,2021-07-01,2021,7,-0.11278751418722191
ZN,always-long,2021-08-01,2021,8,-0.44377360033477875
ZN,always-long,2021-09-01,2021,9,0.00644309270499001
ZN,always-long,2021-10-01,2021,10,0.11538145167996067
ZN,always-long,2021-11-01,2021,11,0.05913664351477628
ZN,always-long,2021-12-01,2021,12,-0.057431974431247784
ZN,always-long,2022-01-01,2022,1,-0.9500316045901929
ZN,always-long,2022-02-01,2022,2,-0.1201063361966339
ZN,always-long,2022-03-01,2022,3,0.6465822282271794
ZN,always-long,2022-04-01,2022,4,-0.8170836540779203
ZN,always-long,2022-05-01,2022,5,0.20954035217268538
ZN,always-long,2022-06-01,2022,6,-0.08615470005467174
ZN,always-long,2022-07-01,2022,7,-0.01638023541132725
ZN,always-long,2022-08-01,2022,8,0.03053442499189389
ZN,always-long,2022-09-01,2022,9,0.4606730405907463
ZN,always-long,2022-10-01,2022,10,0.06427606380115708
ZN,always-long,2022-11-01,2022,11,-0.004290952699132453
ZN,always-long,2022-12-01,2022,12,0.20653810428648645
ZN,always-long,2023-01-01,2023,1,0.0633283179284397
ZN,always-long,2023-02-01,2023,2,-0.7940602561867877
ZN,always-long,2023-03-01,2023,3,1.613339322160014
ZN,always-long,2023-04-01,2023,4,-0.22346575326850085
ZN,always-long,2023-05-01,2023,5,-0.6761895173041159
ZN,always-long,2023-06-01,2023,6,0.13839861388511665
ZN,always-long,2023-07-01,2023,7,-0.3102656871995626
ZN,always-long,2023-08-01,2023,8,0.3237458152493275
ZN,always-long,2023-09-01,2023,9,-0.3937383751925361
ZN,always-long,2023-10-01,2023,10,0.2592899759859892
ZN,always-long,2023-11-01,2023,11,0.2558527861589173
ZN,always-long,2023-12-01,2023,12,0.5982665416621635
ZN,always-long,2024-01-01,2024,1,0.09773322670335878
ZN,always-long,2024-02-01,2024,2,-0.825159561103643
ZN,always-long,2024-03-01,2024,3,-0.8473936499857324
ZN,always-long,2024-04-01,2024,4,0.03006050457908297
ZN,always-long,2024-05-01,2024,5,-0.36594271978091697
ZN,always-long,2024-06-01,2024,6,-0.29527566704120134
ZN,always-long,2024-07-01,2024,7,0.13305413172698205
ZN,always-long,2024-08-01,2024,8,-0.5176561381313121
ZN,always-long,2024-09-01,2024,9,0.11458848213016813
ZN,always-long,2024-10-01,2024,10,-0.13366934433302213
ZN,always-long,2024-11-01,2024,11,-0.38540397574190544
ZN,always-long,2024-12-01,2024,12,0.18586830966631931
ZN,always-long,2025-01-01,2025,1,0.05512761860259907
ZN,always-long,2025-02-01,2025,2,0.42900572925722963
ZN,always-long,2025-03-01,2025,3,-0.49991822234528827
ZN,always-long,2025-04-01,2025,4,-0.6558934992272747
ZN,always-long,2025-05-01,2025,5,-0.1601849024520238
ZN,always-long,2025-06-01,2025,6,-0.09695364342071539
ZN,always-long,2025-07-01,2025,7,-0.14351440116441505
ZN,always-long,2025-08-01,2025,8,-0.38934552836903014
ZN,always-long,2025-09-01,2025,9,0.10880343734187388
ZN,always-long,2025-10-01,2025,10,-0.4717272153270773
ZN,always-long,2025-11-01,2025,11,-0.478962680975516
ZN,always-long,2025-12-01,2025,12,-0.33056022772683596
ZN,always-long,2026-01-01,2026,1,-0.002882954203535908
ZN,always-long,2026-02-01,2026,2,0.05602606608362442
ZN,always-long,2026-03-01,2026,3,-0.1690399945670378
ZN,always-long,2026-04-01,2026,4,-0.998731334536767
ZN,always-long,2026-05-01,2026,5,-0.3357733991306244
ZN,always-long,2026-06-01,2026,6,-0.5117659193253041
