asset,anchor,trades,strategy total %,strategy Sharpe,strategy max DD %,always-long total %,always-long Sharpe
ES,1,256,9.046941183137458,0.9338434688338522,-1.822695840753721,0.895296819943029,0.09196591580296029
ES,31,209,3.7088793139155882,0.4067725967396285,-4.546362054698716,-1.2632863072101133,-0.1393761336432568
ES,61,254,2.713528544688598,0.3322856606706318,-3.4270003232751027,-4.30232631877548,-0.528006721205788
ES,91,241,-0.5958092201251628,-0.06806463840682332,-5.135363360922352,4.164077249380305,0.47684794578092726
ES,121,227,-6.881753881543483,-1.0596232642038448,-7.323219271055782,-5.000370157442205,-0.7666323865876528
NQ,1,228,9.68653351201439,0.8575552433141983,-3.4718412000921806,2.318777898374032,0.2047919147454594
NQ,31,208,4.018234245571104,0.4077537039386448,-3.5964169306815323,-3.0352593847494087,-0.3063375467593148
NQ,61,225,-3.122917297359729,-0.2893189632090592,-7.254697686720817,-8.043247879603653,-0.7429949003996138
NQ,91,228,2.7513773624201594,0.27705589580094425,-2.9989839383813477,-3.9228126392696163,-0.394912073979903
NQ,121,193,-1.6224410113075225,-0.19219195056124774,-4.294101262103132,-0.11579176049835894,-0.013727886477568443
ZN,1,426,-1.1219629098950907,-0.3091787675535781,-1.447622535530626,-1.4559090597643516,-0.387997470561443
ZN,31,380,-2.241704995976369,-0.6228551445438573,-2.6367237519682245,-3.2212839608706907,-0.877156328661389
ZN,61,386,1.3391004668519428,0.2795848475463607,-1.0042522183863027,0.04485905038780601,0.00902427563122672
ZN,91,360,-1.0129485344391367,-0.33946737314031633,-1.4254857690650453,-0.4325039093602778,-0.1443047343365186
ZN,121,344,-3.7001891857017557,-1.1926793383962775,-3.8833936018748085,-2.467305447759222,-0.8238953252846322
