wait_min,path_pre_min,path_len,weighting,k,lookback_years,q,n_trades,trades_per_year,net_sharpe,net_total_%,net_vol_%,net_max_dd_%,net_beta,gross_sharpe,gross_total_%,long_sharpe,long_total_%,train_dir_ic,valid_dir_ic,train_disp_ic,valid_disp_ic,train_hit,valid_hit
1,30,31,inv_dist_recency,15,3,0.3,1669,185.44444444444449,0.530423302446339,14.25923730320589,3.2585152130706927,-4.930969317267885,-0.0004427306662768,0.6997687806358512,18.84014523012845,-0.2859815334395282,-8.75493078398846,-0.059808219643453,0.0691298145525453,0.1371743462539606,0.1619294438841242,0.4898218829516539,0.5188794153471377
1,30,31,inv_dist,15,3,0.3,1672,185.77777777777777,0.4496523242326602,12.23469293900645,3.298088330904745,-8.60920428596383,0.000378146595672,0.6181688888752728,16.84054462383873,-0.2512257398363056,-7.891222337080393,-0.0422070332559333,0.0553210610316921,0.1271109723129942,0.175635487718243,0.4987277353689567,0.51278928136419
1,30,31,inv_dist_sq_recency,15,3,0.3,1676,186.22222222222223,0.6056578466314995,16.178984662693928,3.2379487212632325,-4.838004344136458,0.0001410218795247,0.7780357357642403,20.826382319305267,-0.3927269446002034,-11.997265122923556,-0.0612728422440859,0.0746292066182957,0.1369529323518276,0.1594249006684822,0.4783715012722646,0.5225334957369062
1,30,31,recency,15,3,0.3,1673,185.88888888888889,0.5557639113317976,15.097397215573531,3.292742662790705,-5.577258885386863,0.0016176126990964,0.7241565816990555,19.705631305652958,-0.2232533416075695,-6.923069147892152,-0.0571061886790216,0.0647340403990855,0.1365684017201618,0.162649008958318,0.4872773536895674,0.5237515225334958
1,30,31,uniform,15,3,0.3,1660,184.44444444444449,0.411573297183741,11.39741303290522,3.35664295886612,-8.108464475397994,0.0011886471335238,0.5754764198961168,15.951369975539382,-0.1551318306412535,-4.98834864404414,-0.0361082479368086,0.0499220300771466,0.1265338879811249,0.1775795818518155,0.5,0.5079171741778319
1,30,31,softmax_neg_dist,15,3,0.3,1675,186.11111111111111,0.4318247251412865,11.760380889983669,3.3011095264890447,-8.563519891178352,0.0004665522318169,0.6002543314856298,16.366977543759234,-0.2259373964652617,-7.084508179086908,-0.0411324151487951,0.0537865098792479,0.1271669297633416,0.1757443320462313,0.4974554707379134,0.5140073081607796
1,30,31,rank_recency,15,3,0.3,1603,178.11111111111111,0.5585022573629332,15.659509744823891,3.3985939506749827,-5.902695687285817,0.0018886829289615,0.7128397570371394,20.02309932068497,0.0307679633872216,0.9184577145219902,-0.028727545118934,0.0767543232847072,0.1158070667510824,0.139051210413409,0.4936386768447837,0.5334957369062119
1,45,46,inv_dist_recency,15,3,0.3,1651,183.44444444444449,0.2474305022627657,6.9817349190042775,3.4202367595508685,-5.94345916477438,0.0001210062052275,0.4031897227631215,11.3797040303417,-0.0247484411016206,-0.7783806841513683,-0.0094160108820758,0.0316396248530555,0.1233261287723248,0.138219652705237,0.5216284987277354,0.5152253349573691
1,45,46,inv_dist,15,3,0.3,1662,184.66666666666663,-0.0212082821257449,-0.6153519778382815,3.516933530194269,-8.851385478408924,-0.0002231319214262,0.1338779161922305,3.883221035778559,-0.1047513933749255,-3.3924988888557595,-0.0134706733694417,0.0347962622122699,0.1072501039384296,0.1459987220028495,0.5012722646310432,0.5237515225334958
1,45,46,inv_dist_sq_recency,15,3,0.3,1658,184.22222222222223,0.355935360637337,9.99220679924084,3.4027992598359225,-4.827131358465854,0.0006699026891542,0.5132337921765595,14.411736230023903,0.0556606089644475,1.7642574830037472,-0.0135435529970139,0.0308202351956873,0.1265139840183311,0.137303708248729,0.5190839694656488,0.51278928136419
1,45,46,recency,15,3,0.3,1653,183.66666666666663,0.3000103088068058,8.355360977930447,3.375787424291861,-4.685454795681866,-0.001174159431234,0.4565467412506761,12.723368057972069,0.0282497039536004,0.8881303453560645,-0.0056615184361202,0.0292125340140353,0.1193467291645004,0.1395254202069619,0.5241730279898219,0.5140073081607796
1,45,46,uniform,15,3,0.3,1668,185.33333333333331,0.0812412279984225,2.3420411879373195,3.494331478612691,-6.22799494705778,-0.0003952571793085,0.2382134892128216,6.86616345779091,-0.1300274701318459,-4.253696149249103,-0.0057010216536934,0.0364010985367027,0.1028090172767374,0.1459328505331491,0.5139949109414759,0.535931790499391
1,45,46,softmax_neg_dist,15,3,0.3,1672,185.77777777777777,0.0228332927891939,0.6620451164421592,3.514512499049541,-7.4301082771190545,0.0001013941195785,0.1792867158815619,5.197361729467753,-0.174371729965437,-5.656795107046117,-0.0121334948958057,0.0349191777470944,0.106620598945665,0.1464682346453434,0.5076335877862596,0.5261875761266748
1,45,46,rank_recency,15,3,0.3,1641,182.33333333333331,0.0988090291277431,2.7654952819944243,3.392519411351429,-7.474924381987237,0.0026599349917012,0.2562216135317419,7.168249609421286,-0.1853451671334558,-5.996536111690352,-0.0305799413150995,0.0157273372650534,0.1350192335279791,0.1238067483757587,0.5127226463104325,0.5030450669914738
1,60,61,inv_dist_recency,15,3,0.3,1702,189.11111111111111,-0.2663547283187046,-7.389891291253175,3.3629753997382887,-12.442386266149752,0.0028799023762396,-0.0955514353366356,-2.646452970679759,-0.0906339767281301,-2.827332713879646,-0.0449620725324304,-0.0301148830527152,0.1474251700358904,0.1392031288313888,0.5063613231552163,0.4969549330085261
1,60,61,inv_dist,15,3,0.3,1713,190.33333333333331,0.0986951281293029,2.875740301887576,3.53183169882816,-8.42358869499607,0.0004167254114577,0.2653221787600988,7.727678044550415,0.0314371474797983,0.9936348890154828,-0.0475848794131338,-0.0097375079636216,0.1356345913629351,0.1426818551027686,0.5063613231552163,0.4993909866017052
1,60,61,inv_dist_sq_recency,15,3,0.3,1686,187.33333333333331,-0.084939772954617,-2.440808320010333,3.4831215536533255,-12.22405012096278,0.0029025663499006,0.0789366716046697,2.265649464070424,-0.0547015618922342,-1.675057769179484,-0.0457931636415379,-0.0239997491482479,0.1454848111654429,0.1384124889779164,0.5089058524173028,0.5042630937880633
1,60,61,recency,15,3,0.3,1700,188.88888888888889,-0.1312645173198725,-3.604998759683785,3.3289235777518345,-11.28255500257528,0.0013694310556701,0.0403490703903367,1.10717572334472,-0.13879605818986,-4.320114652821768,-0.0446272419543891,-0.0347340755765899,0.148067831885417,0.1383234658175436,0.510178117048346,0.4859926918392204
1,60,61,uniform,15,3,0.3,1712,190.22222222222223,-0.0007787086700192,-0.0230307797234476,3.5849217697538966,-10.3464256445785,0.0003408664223963,0.1625794394318246,4.80672348824603,-0.0478638964209807,-1.4526527943458385,-0.0424843610786974,-0.0136621598904962,0.1359385049599502,0.1437463570846884,0.4936386768447837,0.489646772228989
1,60,61,softmax_neg_dist,15,3,0.3,1712,190.22222222222223,0.0554144082337582,1.618601377368379,3.540489064144903,-8.821182073096908,-2.106576327922705e-05,0.2216323713696663,6.470629533660503,-0.0190383962189965,-0.5992708822811988,-0.0470174042661452,-0.0106203698993089,0.1362640745908415,0.142621622238973,0.5050890585241731,0.4981729598051157
1,60,61,rank_recency,15,3,0.3,1633,181.44444444444449,0.1234005860632881,3.4973410639332547,3.4353169825643444,-12.435875981153606,0.0075246032537101,0.2772781136753461,7.852648446297022,-0.3779490758521094,-11.64726050751302,-0.0332090817695295,-0.0153515449339913,0.1322747828549803,0.1380059930710741,0.4974554707379134,0.5237515225334958
2,30,32,inv_dist_recency,15,3,0.3,1670,185.55555555555557,0.2063506978828188,5.708194606107741,3.3530411265719158,-10.956655900236388,0.0028826061511801,0.366099628821794,10.139618774300542,-0.2141796433661957,-6.741581829055792,-0.0424129306281464,0.0449476387120719,0.1281921133795925,0.1008812359964785,0.5172413793103449,0.5378048780487805
2,30,32,inv_dist,15,3,0.3,1677,186.33333333333331,-0.1144412359658732,-3.331178451681296,3.5282667375665877,-14.024723801622962,-0.003486733614384,0.0409718946865004,1.1916782163933488,-0.0348003463668084,-1.1210749120696863,-0.0273736177585157,0.0408488946615343,0.1243900690640801,0.1128501351172109,0.51213282247765,0.5317073170731708
2,30,32,inv_dist_sq_recency,15,3,0.3,1658,184.22222222222223,0.0582834465770194,1.6712066359950604,3.4756095123002892,-13.561821694113444,0.0036546461308321,0.2114195727537831,6.064591136148298,-0.0378906680201689,-1.1840310766680568,-0.0473092035827858,0.04576108685484,0.1291378823911253,0.1011457749407485,0.5197956577266922,0.5317073170731708
2,30,32,recency,15,3,0.3,1694,188.22222222222223,0.1692752104765524,4.696917386532841,3.3633000247168474,-11.717634007533382,0.0071938598623525,0.3308228268607157,9.18824325602966,-0.2234804630782896,-6.923788031970571,-0.0352386806110137,0.0409690466870027,0.1264444425517178,0.1012956891159244,0.5223499361430396,0.524390243902439
2,30,32,uniform,15,3,0.3,1692,188.0,-0.1777455468592945,-5.03475200943839,3.433407934118969,-13.302910856909191,0.0017749895520556,-0.0162185802679435,-0.4590271550549016,-0.0807473345283363,-2.6324608159061023,-0.0154871620892747,0.0416636993104455,0.1236965138283223,0.1133033701398979,0.5134099616858238,0.5280487804878049
2,30,32,softmax_neg_dist,15,3,0.3,1678,186.44444444444449,-0.1788523892494261,-5.17606159759151,3.5079285683665047,-13.880996814633477,-0.002666781428583,-0.0222840532240251,-0.6442433581692802,-0.0398602377022729,-1.2852460821752276,-0.0256050959816255,0.0416103096582153,0.1242251550341312,0.113183076389907,0.5134099616858238,0.5329268292682927
2,30,32,rank_recency,15,3,0.3,1608,178.66666666666666,0.0188218594047491,0.526948291462141,3.393528705304901,-10.485147191846083,0.0020100352209779,0.1721173683732963,4.820702154041225,-0.2100744344573983,-6.170726788549092,-0.0346442217957862,0.0598811820086071,0.1168274973278854,0.1010483798243081,0.4955300127713921,0.5292682926829269
2,45,47,inv_dist_recency,15,3,0.3,1682,186.88888888888889,0.1054696632752147,2.8541239970838705,3.280132060213498,-9.83077407974972,0.0027460882944031,0.2719336327320386,7.360229301669858,-0.2749130546383733,-8.45126196669617,-0.0084900580784445,0.0230719322717629,0.114296305295823,0.0965576561143078,0.5006385696040868,0.5085365853658537
2,45,47,inv_dist,15,3,0.3,1673,185.88888888888889,0.1963900948378122,5.384252345379964,3.323164788243628,-8.00169441578771,-0.0001773489270166,0.3601357023083393,9.87833641394422,-0.1400422118591814,-4.184645845406148,-0.0225528152273747,0.029818434589161,0.1173111718732911,0.111590447069255,0.4853128991060025,0.5219512195121951
2,45,47,inv_dist_sq_recency,15,3,0.3,1711,190.11111111111111,0.0969482623956615,2.607761073984634,3.2604220393559316,-10.05641294398792,0.0006235604275094,0.2676407071673052,7.199513035326046,-0.142824530211576,-4.470828436401671,-0.0101068881129923,0.0212937146890069,0.1144506414956867,0.0963890950412541,0.5095785440613027,0.5134146341463415
2,45,47,recency,15,3,0.3,1666,185.11111111111111,0.1975686712503397,5.193387628899587,3.186241658618357,-9.198964570850263,0.0032298581739951,0.3665006956382087,9.640821130484412,-0.2715802442277391,-8.208119916028915,-0.0055962924198936,0.0214662238023279,0.112906768017611,0.097729677421969,0.5006385696040868,0.5146341463414634
2,45,47,uniform,15,3,0.3,1674,186.0,0.3558339542467283,10.016562611805789,3.412065619204937,-9.20470988546438,-0.0005705536764158,0.5156099489728988,14.525843178587444,-0.3045645446552483,-9.185440735211168,-0.0199574162019972,0.0310932567914748,0.1150523698484625,0.1114230197923806,0.491698595146871,0.5134146341463415
2,45,47,softmax_neg_dist,15,3,0.3,1681,186.77777777777777,0.2203713353991001,6.0619763635413095,3.3343039485233494,-8.068383220542438,-0.000147638204995,0.3844525567957061,10.580238901720543,-0.1532444147539529,-4.581170094436256,-0.0218309762669346,0.0307654479711262,0.1168141988624903,0.1120033513421344,0.4865900383141762,0.5207317073170732
2,45,47,rank_recency,15,3,0.3,1650,183.33333333333331,-0.364072298417307,-10.142215152480873,3.37669033806249,-15.890072434651415,0.0044255676516614,-0.207266820852828,-5.766968318017389,-0.0305833125648562,-0.9599316067913162,0.0066697898179587,0.0067961059002437,0.0949013967679731,0.0911502379469591,0.5274584929757343,0.5048780487804878
2,60,62,inv_dist_recency,15,3,0.3,1678,186.44444444444449,-0.3512022534494883,-9.705707230606698,3.349777371103524,-17.168438263038443,-0.0056637597284717,-0.1849528138386509,-5.104057672891212,-0.1159526828362104,-3.62459162055993,-0.0633397636037907,-0.0689478767288411,0.1394184449797647,0.1221641391290611,0.4853128991060025,0.4865853658536585
2,60,62,inv_dist,15,3,0.3,1659,184.33333333333331,0.0471862262601192,1.3287836723941513,3.413383530080169,-11.781794569972655,0.0018981776708687,0.2104293747359481,5.920519769873372,-0.1452318713123473,-4.540378304058978,-0.0624746124577627,-0.05281153765692,0.1259162475300998,0.1361397562554051,0.4840357598978289,0.474390243902439
2,60,62,inv_dist_sq_recency,15,3,0.3,1668,185.33333333333331,-0.2800766685186434,-7.604164561150522,3.2909450165133594,-14.726247600661958,-0.0016017390005322,-0.1119338615991457,-3.0334456391251607,-0.391927476366578,-12.293785220810404,-0.0605191395049129,-0.0645721118528807,0.1357829579579284,0.121889446635078,0.4802043422733077,0.4817073170731707
2,60,62,recency,15,3,0.3,1669,185.44444444444449,-0.3328121539098711,-9.358345270599822,3.4083637510185962,-15.668447020514437,-0.0049280533726655,-0.1698271997900882,-4.766555015150886,-0.0885087641372387,-2.761375819564521,-0.0672429502575863,-0.0701109491452298,0.1417502470912302,0.123314436092072,0.4980842911877394,0.4768292682926829
2,60,62,uniform,15,3,0.3,1668,185.33333333333331,-0.0977896118506607,-2.73243971195088,3.386912038014861,-15.664439448341424,0.0019974428513249,0.0683367246927411,1.90729948133807,-0.2584342235378726,-8.025125073957575,-0.0640735080643472,-0.0542217270245017,0.1273056433352757,0.1370472487419765,0.4878671775223499,0.4707317073170731
2,60,62,softmax_neg_dist,15,3,0.3,1650,183.33333333333331,0.0122730457301786,0.3464549355629805,3.421688354076255,-12.938116754162827,0.0021964843706142,0.1744662545367552,4.920248077499738,-0.1103460629531391,-3.42404630299762,-0.0619273621064337,-0.0527335588000506,0.1258173578778532,0.1362015582703587,0.4827586206896552,0.4707317073170731
2,60,62,rank_recency,15,3,0.3,1611,179.0,0.0301385014107388,0.7849231713992038,3.1568325610224988,-13.208265896516812,0.0013498781908696,0.1978326211678647,5.1469957639623525,-0.3540428469867791,-10.61047181940394,-0.0326444351350076,-0.0428020610440329,0.1201470641775284,0.1215568900432284,0.4993614303959131,0.4853658536585366
5,30,35,inv_dist_recency,15,3,0.3,1643,182.55555555555557,0.40243337887573,11.114599699352604,3.347694989282069,-6.954686271692594,0.0045166355959844,0.568661612172252,15.73716723161465,-0.0797045434057131,-2.431889470113733,-0.0393559323514028,0.0111799204648651,0.1075697759497841,0.0665023794277216,0.4987341772151898,0.4981684981684982
5,30,35,inv_dist,15,3,0.3,1661,184.55555555555557,0.0201213239990446,0.5367276632504008,3.2332811985381795,-8.029960746169088,0.0061988138574068,0.1970232795269717,5.262007204462213,0.0671894297873432,2.0397327997759347,-0.0283109337975345,-0.0086789152825439,0.0872384033519241,0.0695836054215557,0.4924050632911392,0.4847374847374847
5,30,35,inv_dist_sq_recency,15,3,0.3,1655,183.88888888888889,0.2980948910326897,8.239977686384066,3.350561194279679,-6.417006133213092,0.0038383892985202,0.4669961137836265,12.927395526643968,-0.1443400088377401,-4.380510992246942,-0.041030599854685,0.0084173117824546,0.1078078699675782,0.0692220151646217,0.5012658227848101,0.4957264957264957
5,30,35,recency,15,3,0.3,1648,183.11111111111111,0.470324838625815,13.382417420248574,3.448916725712004,-7.112921546793848,0.0034249705898044,0.6322383727457136,18.031786789111766,0.2141480041853956,6.429548755311386,-0.0339179559610817,0.0114060826734981,0.107224730608489,0.0633233431630934,0.5025316455696203,0.503052503052503
5,30,35,uniform,15,3,0.3,1655,183.88888888888889,0.1965878232474106,5.140806909992876,3.1697187547468015,-5.805424272377743,0.0078675762293045,0.3758046611128392,9.847107393375753,-0.0046190233224228,-0.138433481008397,-0.0223027462300857,-0.007910595460306,0.0887257754513828,0.067336611346124,0.5012658227848101,0.492063492063492
5,30,35,softmax_neg_dist,15,3,0.3,1663,184.77777777777777,0.0452627398970098,1.208823599818632,3.237189640721868,-7.968869439552278,0.0068291525301827,0.2221707548957897,5.941091627313389,0.0214958332961017,0.6539957008515842,-0.0281250313291412,-0.0083267902091322,0.0870763766673893,0.0692222378748222,0.4924050632911392,0.4859584859584859
5,30,35,rank_recency,15,3,0.3,1644,182.66666666666663,-0.0986002425352282,-2.867218727033253,3.5247546552296547,-9.782185877166942,0.008827895627553,0.0578614241083921,1.681676247265232,-0.4438587559633137,-13.609154863110875,-0.0515821292677842,0.0137448839675007,0.1020246088251849,0.0827082920965494,0.4962025316455696,0.4981684981684982
5,45,50,inv_dist_recency,15,3,0.3,1623,180.33333333333331,-0.4013996994150409,-9.839631263298362,2.971309094420331,-13.977397972278409,0.0068624033420829,-0.2205430020695049,-5.40138662032896,-0.1116097911060523,-3.3350369153562487,-0.0202939918697133,-0.0435980120577081,0.0587145354328037,0.0721608584779839,0.4848101265822784,0.4737484737484737
5,45,50,inv_dist,15,3,0.3,1620,180.0,-0.3607671672255357,-9.001220140186549,3.0242690738184552,-10.302806520090137,0.0026775045683889,-0.1814949424257099,-4.521518039260694,-0.1956952901196547,-5.506659579102534,-0.0360274804939836,-0.0427344026392183,0.0503381726347553,0.0840286497667428,0.4670886075949367,0.4798534798534798
5,45,50,inv_dist_sq_recency,15,3,0.3,1641,182.33333333333331,-0.3097550583328488,-7.558847672762637,2.9578982995988152,-12.130388204298,0.0033246352946419,-0.1278164158732651,-3.116479785889237,-0.0504482653535025,-1.5100084073146478,-0.0201044655927399,-0.0453024435918975,0.0613044268075844,0.0770374728765399,0.4886075949367088,0.4835164835164835
5,45,50,recency,15,3,0.3,1641,182.33333333333331,-0.4464652083736907,-11.033337071656424,2.9954723580262255,-16.406013679788142,0.0057050148401986,-0.2632016075366314,-6.4966224174151765,-0.138539523885585,-4.096912015803428,-0.0218632533372373,-0.0410412382165372,0.0566109417577882,0.0679739269544986,0.4886075949367088,0.4786324786324786
5,45,50,uniform,15,3,0.3,1638,182.0,-0.3771530736001867,-9.731239092633762,3.127494418064507,-11.36361349381756,0.007676878536547,-0.2009308988829205,-5.176038673020984,-0.1269116631005181,-3.6988244728868938,-0.0384677510154049,-0.0374897798806769,0.0490503167710586,0.0793107568788245,0.4759493670886076,0.4798534798534798
5,45,50,softmax_neg_dist,15,3,0.3,1614,179.33333333333334,-0.3922540773560781,-9.711094339664635,3.000867070996005,-10.74688745617892,0.0047990823077755,-0.21207466253294,-5.24333122502086,-0.2331021669905362,-6.578901216574475,-0.036505747050409,-0.04052086570982,0.0502209375301484,0.0837767341603764,0.4670886075949367,0.4798534798534798
5,45,50,rank_recency,15,3,0.3,1634,181.55555555555557,-0.3634815138710474,-9.346080263314306,3.116687288083026,-11.406863366181112,0.0040416492542232,-0.1938772472941622,-4.974385384397342,-0.2073563410878626,-6.403627145751647,-0.0212800704489159,-0.0447178495619017,0.0780091723074952,0.102000127919804,0.4734177215189873,0.5006105006105006
5,60,65,inv_dist_recency,15,3,0.3,1685,187.22222222222223,-0.2158618497430084,-5.816930069234563,3.2663596345251342,-12.327020834752409,-0.0047300772022935,-0.0424913804784937,-1.144400838759027,-0.1108429060168447,-3.544269892692665,-0.0628684538849371,-0.0555666708209229,0.0878059592458878,0.087293581306437,0.4810126582278481,0.4786324786324786
5,60,65,inv_dist,15,3,0.3,1673,185.88888888888889,0.1363368400169014,3.532813616476133,3.140895976810463,-10.128960070093958,-0.0027683065703174,0.3142594293362376,8.1478001559025,0.0685914243084666,2.1233816449932634,-0.0498725077910501,-0.0389687780759805,0.0728773696541198,0.0843222729197529,0.4835443037974684,0.4932844932844933
5,60,65,inv_dist_sq_recency,15,3,0.3,1687,187.44444444444449,-0.2011871422951926,-5.348091095300248,3.222141627449766,-11.720330679493136,-0.0038756146419182,-0.0264284005146976,-0.7023571411419647,-0.138790976035793,-4.43619337286994,-0.0570110189308848,-0.0595065256233077,0.0847505989089467,0.0912943878414291,0.4860759493670886,0.4871794871794871
5,60,65,recency,15,3,0.3,1705,189.44444444444449,-0.2836197618502638,-7.705415648297278,3.293105422055471,-14.150231851951194,-0.003149782277663,-0.108490089717578,-2.944922597053664,-0.077074833354961,-2.3894830382489056,-0.0708260763515856,-0.051922595411217,0.0883280053275924,0.0838138356551456,0.4772151898734177,0.4786324786324786
5,60,65,uniform,15,3,0.3,1695,188.33333333333331,-0.0011207762968343,-0.0298689777692413,3.2303343352937266,-13.093874989443544,0.0018397880959171,0.1759615653529987,4.689338603890939,-0.1444907721819407,-4.653861997858402,-0.0538941409065454,-0.0365018374311486,0.0739588969572162,0.0811135250897365,0.4734177215189873,0.4945054945054945
5,60,65,softmax_neg_dist,15,3,0.3,1673,185.88888888888889,0.1300883288169138,3.368689710791101,3.138836737038218,-10.258155956519053,-0.0029285399276487,0.3082703215337125,7.985987766382177,0.071509615574725,2.205243301767524,-0.0508487269991607,-0.0376017423723953,0.0734783559984087,0.0833823548880106,0.4822784810126582,0.4945054945054945
5,60,65,rank_recency,15,3,0.3,1665,185.0,-0.1903389747518838,-4.675218732751486,2.9772839770003245,-15.00553502212837,-0.0078098080634181,-0.0095432751710684,-0.2343921767451945,-0.4488788708627455,-14.526392536184837,-0.0301394336073908,-0.0562719940259851,0.0952321441989857,0.0983049405190777,0.4886075949367088,0.4981684981684982
