,trades / year,"Sharpe, gross","Sharpe, quarter tick","Sharpe, half tick","Sharpe, 2 ticks + $4.50","Sharpe 2018-20, ¼ tick","total %, ¼ tick","ann vol %, ¼ tick","max DD %, ¼ tick"
"Macro-surprise book, ES",96.09922616075887,1.1790263436456283,1.0863050273632517,0.9933480563858202,0.7394673194763887,1.0436281782333152,15.863172720252141,2.7339699978010463,-2.623704562434207
"DTW ladder book, ES",219.18647029455818,0.7768483728481455,0.6350158106059588,0.49270027772567987,0.10420253789129463,0.5945248706733737,10.924844278770168,3.220966424424697,-5.048934539643277
"DTW event-game book, ES",369.2617324013979,0.6113224821447029,0.4223259788333388,0.23235325115059396,-0.2875746068396501,0.26232284849496634,11.623013139231796,5.1525998001868585,-6.242313989903621
"Machine-learning classifier, ES",54.34073889166251,0.9872838059595002,0.9498106811006627,0.9121743183041057,0.8090076451479873,0.3769773240314602,5.994022338684681,1.181508332781906,-1.3769285032119725
"Macro-surprise book, NQ",96.28157763354969,0.7669224062370529,0.7455366189299385,0.724141448686335,0.6427586336571476,0.863172245467456,14.158046341491058,3.5554111545070275,-5.003901487949931
"DTW ladder book, NQ",208.06303045431852,0.14248552446437196,0.11021046372100549,0.07793465424989347,-0.044690323037468116,0.9439326546115615,2.127542691358917,3.614189622588861,-8.160957417642305
"Macro-surprise book, ZN",76.22291562656017,0.2193974709808435,-0.16353817961490338,-0.5447806365598616,-1.5068168680697154,-0.9091867955729974,-1.1840588667361178,1.3435533185450117,-2.585497037454477
"DTW ladder book, ZN",354.6736145781328,0.3352895752934826,-0.9652630251554738,-2.2346113441814395,-5.028205163574776,-0.7786058720090252,-7.424095809390188,1.4272454529958611,-7.95287764855555
"Macro-surprise book, YM",88.07576135796306,1.1079201386734039,1.0581932949281552,1.0083983551901425,0.8186106434872845,1.2690711390714113,13.70419738045297,2.4874554165224327,-1.9716275118203566
"CPI surprise model, ES",11.305791313030456,0.5148338199683486,0.5096810893124588,0.4371899294729619,0.6118914521483615,1.2659275407741928,3.4569529134750034,1.2698441564064114,-1.9653080635001452
"CPI surprise model, NQ",11.852845731402896,0.4624261567194193,0.45697866153225314,0.5037123857927108,0.4524611192548307,0.9649254825722524,4.086647319976936,1.6742747169591938,-2.605071575519334
"CPI surprise model, ZN",4.5587868197703445,0.03258581736196231,0.17103092972594156,-0.30514981347361086,-0.430774895170643,-0.6383186729548372,0.4325249377850834,0.46928564159474695,-0.8578102678103064
"CPI surprise model, YM",10.758736894658014,0.4449463034860431,0.39171028045668077,0.4007042628841777,0.28775263183358774,1.0847913199275279,2.177419189726014,1.067686575126771,-2.2326885218475394
"Team portfolio, all markets (ES + NQ + ZN)",1562.2050673989017,1.3517071154087954,0.830050760759804,0.304229453853206,-1.0854415484710653,,4.275066984401301,0.9642591149555513,-1.131146466542125
"Team portfolio, ES + NQ",1043.2327758362458,1.445563041196366,1.3077405176334467,1.169408401993806,0.7751229585415678,,8.988209123799344,1.28678819962983,-1.1370722047974886
"Team portfolio, ES (four strategies)",738.8881677483774,1.5521365956036546,1.386332697960644,1.219683140858347,0.7626944541512657,,8.875477103501183,1.1986150383788772,-1.043925128289989
"Macro surprise + DTW ladder, ES",315.28569645531707,1.3137368839996044,1.161252849345705,1.0081593635544321,0.5894506129944964,,13.775104068113164,2.2208722460408943,-2.0442821119479015
"Macro surprise + DTW event games, ES",465.3609585621568,1.324447799390538,1.1435916397414263,0.9619859832711822,0.4649767896024506,,14.77396301120455,2.4186972815191883,-2.165979876292064
"Team portfolio, equities (ES + NQ + YM)",1131.3085371942088,1.4810153001717696,1.3527459137192108,1.2240344333895259,0.8461193234779771,,9.581656160089516,1.3261108616891624,-1.1357509721722863
"Macro-surprise book, ES + NQ + YM",280.4565651522716,1.1323530647451632,1.0716802044376599,1.0109143164070344,0.8178761267370448,,14.610211755613886,2.552388520470826,-2.3709610108936
"DTW ladder book, ES + NQ (inverse vol + cost gate)",427.2495007488767,0.6615549971195963,0.5396323690577675,0.4174212727974721,0.07474286240935797,,7.426702732875921,2.5766387238466923,-5.26260466076244
ES buy and hold,,0.6923071072638295,,,,0.7955762435447367,62.35307692200766,16.862213357819012,-31.140208169290602
NQ buy and hold,,0.5773986047003161,,,,1.1609176057243695,70.57100785342172,22.882636971201936,-48.27918007664068
ZN buy and hold,,-0.687796638877797,,,,0.8640760472938678,-23.031304065825694,6.213828328664673,-25.698618699284484
YM buy and hold,,0.6741839303315673,,,,0.5439851210761069,52.40161454188161,14.929077665155779,-25.57673235280369
