,"Macro-surprise book, ES","DTW ladder book, ES","DTW event-game book, ES","Machine-learning classifier, ES","Macro-surprise book, NQ","DTW ladder book, NQ","Macro-surprise book, ZN","DTW ladder book, ZN","Macro-surprise book, YM"
"Macro-surprise book, ES",1.0,0.1332807676724179,-0.007132935239638049,0.26530095365761186,0.6783495074009455,-0.025358979491350686,0.10219104222360181,0.021757734164953593,0.8468117539820181
"DTW ladder book, ES",0.1332807676724179,1.0,-0.039878859362122605,0.16520557450788922,0.0576797235593087,0.14632017937852088,0.15842518485581128,-0.002418669025890122,0.15380505355719093
"DTW event-game book, ES",-0.00713293523963805,-0.0398788593621226,1.0,-0.015781950522286523,-0.01555507105803979,0.05264316119911638,0.0005193682739562076,0.03793495242988641,-0.013599387429524426
"Machine-learning classifier, ES",0.2653009536576119,0.16520557450788922,-0.01578195052228652,1.0,0.2572984264104672,0.1232699270984293,0.31313843030668254,0.03608448872895272,0.23077786661213873
"Macro-surprise book, NQ",0.6783495074009455,0.0576797235593087,-0.015555071058039785,0.2572984264104672,1.0,0.01804688061749274,0.11175239206917775,0.027684895870374357,0.508837423449305
"DTW ladder book, NQ",-0.025358979491350683,0.14632017937852088,0.05264316119911638,0.1232699270984293,0.018046880617492725,1.0,0.0018302327751456402,0.0022214410545172165,-0.07215305323070836
"Macro-surprise book, ZN",0.10219104222360181,0.15842518485581128,0.000519368273956203,0.31313843030668254,0.11175239206917775,0.0018302327751456172,1.0,-0.015683153947711054,0.11931089272959591
"DTW ladder book, ZN",0.02175773416495361,-0.002418669025890097,0.0379349524298864,0.036084488728952716,0.027684895870374343,0.0022214410545172126,-0.01568315394771106,1.0,0.043912305714905314
"Macro-surprise book, YM",0.8468117539820181,0.15380505355719093,-0.01359938742952443,0.23077786661213873,0.508837423449305,-0.07215305323070838,0.11931089272959591,0.04391230571490531,1.0
