event_type,horizon_min,n_events,mean_return_bps,median_return_bps,std_return_bps,mean_abs_return_bps,median_abs_return_bps,min_return_bps,max_return_bps
CPI,1,122,-0.709546255283614,1.5549011537769832,51.45908421149469,28.138446950483956,11.503993295374904,-241.56438498526066,208.95694238241606
CPI,5,122,-1.1896488496742155,2.7883405020487775,58.71886637367331,31.424675936949914,14.96143622127355,-282.63511259386445,241.41817974233905
CPI,15,122,-1.8527943627780226,4.732848971102516,65.05668321159645,34.62171634427049,15.61447494540672,-305.3672386008165,281.5243205702972
CPI,30,122,-0.8599431367192824,7.092992959226045,69.40902689716424,38.46242683178615,17.752267697785484,-297.10310579772676,295.7169556860327
CPI,60,122,0.8669850551450021,7.1469247951621,70.68373755081346,37.79279104943015,16.538436811833524,-311.0583535015241,336.89045698150966
NFP,1,122,0.3999523321813081,3.251692416709535,30.712532806125,21.458381941672155,14.620462514662943,-145.81660896319238,75.09666149912384
NFP,5,122,2.387527616993638,6.188851046498012,35.57107121753067,26.275677216795298,19.249342309235118,-139.59460776694348,77.52543765076607
NFP,15,122,2.5066444929225677,7.43654764554701,36.48582979745478,26.059408338689,18.571474694359196,-146.2707661369737,85.97161197211518
NFP,30,122,3.4678390709218543,2.986151029365316,41.86112950435437,29.565367541078576,18.997442060480076,-149.63539050840794,132.55554714533767
NFP,60,122,4.985284646186658,3.405000485693358,41.082761013707746,29.174873618422243,20.18767538973102,-151.6547086588431,112.63702808255047
PCE,1,121,2.6648420657770093,1.0158988173511192,11.889430066889705,6.924798925562691,3.323547363446928,-60.74067471934839,58.45857233890658
PCE,5,121,2.3946180519459586,1.1079718586484428,14.48403521977813,9.319513565226538,4.760771334860781,-56.63417955521333,61.7214024155138
PCE,15,121,4.2088658067643125,2.177107721004027,19.238869905027776,12.764110280672275,7.061523817135897,-59.108516432214024,82.59702611731201
PCE,30,121,1.6298600001376122,1.8283206925418585,23.826675524644678,14.722222007399008,7.790729426502265,-108.0350042970436,80.72467615842682
PCE,60,121,0.8112322235800616,1.016621766747373,29.357472492369254,17.947192022397616,10.46268405139336,-157.29405909248152,120.17910035954135
