event_type,horizon_min,variable,n,beta_bps,t_stat,p_value,r_squared,std_error,significance
CPI,1,headline_cpi,122,-18.10672140948855,-3.3003807678282735,0.0009655373109452621,0.29945155303330817,,***
CPI,1,core_cpi,122,-6.79742434813965,-1.3639828815977777,0.1725729534115148,0.29945155303330817,,
CPI,5,headline_cpi,122,-20.757844048290643,-3.095327797025506,0.0019659549389602457,0.2725428856953729,,***
CPI,5,core_cpi,122,-6.406032550717605,-1.1744470676349041,0.24021600194580817,0.2725428856953729,,
CPI,15,headline_cpi,122,-20.60177679419596,-2.8545494858029654,0.004309791684133249,0.22274860829287102,,***
CPI,15,core_cpi,122,-6.597881429406026,-1.0627817936786534,0.28788091781280456,0.22274860829287102,,
CPI,30,headline_cpi,122,-23.772033006514192,-2.9198258839146227,0.003502270020734015,0.25155107804003507,,***
CPI,30,core_cpi,122,-7.083985391633831,-0.9846310169624279,0.324805348377201,0.25155107804003507,,
CPI,60,headline_cpi,122,-23.571064071322333,-2.8992939892591907,0.003740040314026345,0.23069571198870886,,***
CPI,60,core_cpi,122,-6.534975965412123,-0.951098192093874,0.3415545324151612,0.23069571198870886,,
NFP,1,nonfarm_payrolls,121,2.354819389837695,1.7099571470173138,0.08727379763769447,0.02765833214456903,1.3771218734605235,*
NFP,1,unemployment_rate,121,3.6829116124133403,1.2600711286034514,0.20764370429451195,0.02765833214456903,2.922780729445921,
NFP,1,avg_hourly_earnings,121,0.2750970511123499,0.38961757575995554,0.696819353667527,0.02765833214456903,0.7060694081260799,
NFP,5,nonfarm_payrolls,121,2.7710063861885006,1.7426283452356004,0.08139855544452367,0.034024312356734976,1.5901304450627798,*
NFP,5,unemployment_rate,121,4.261485701749897,1.263261498926632,0.20649521783481273,0.034024312356734976,3.3733994943808514,
NFP,5,avg_hourly_earnings,121,-0.9666852381914092,-1.2560863215000426,0.20908467487260007,0.034024312356734976,0.7696009594603139,
NFP,15,nonfarm_payrolls,121,3.024831946676999,1.8709637602365563,0.06135010427774018,0.049579612043318066,1.6167239638540902,*
NFP,15,unemployment_rate,121,3.926651618629365,1.1485538115971,0.25074001194203555,0.049579612043318066,3.418778971417311,
NFP,15,avg_hourly_earnings,121,-0.4188515941300319,-0.7835929101012037,0.4332790172808354,0.049579612043318066,0.5345270340385492,
NFP,30,nonfarm_payrolls,121,2.53074477312575,1.3977606317903915,0.16218496004676042,0.0407841274064874,1.8105709343695846,
NFP,30,unemployment_rate,121,2.6476255110551064,0.6907172574933661,0.4897432420603254,0.0407841274064874,3.833153844546204,
NFP,30,avg_hourly_earnings,121,-0.7285639090141275,-1.1889271147101748,0.2344683491761318,0.0407841274064874,0.612791061789965,
NFP,60,nonfarm_payrolls,121,2.7193615508108007,1.7212866640230722,0.08519881824185553,0.07019604761679932,1.5798423398314032,*
NFP,60,unemployment_rate,121,2.2292432748952398,0.6668123113203378,0.5048920278232666,0.07019604761679932,3.3431345478327668,
NFP,60,avg_hourly_earnings,121,-1.2130160640177452,-2.266805634467163,0.023402101783245553,0.07019604761679932,0.5351213379628279,**
PCE,1,headline_pce,119,-3.6928816845859793,-1.9492765321884233,0.05126240959232689,0.13756920252951732,1.8944883517578888,*
PCE,1,core_pce,119,-0.8406720132895787,-0.7575198432294508,0.4487384822700182,0.13756920252951732,1.1097689661905548,
PCE,5,headline_pce,119,-3.823921441573484,-1.9391685575138935,0.05248081689247652,0.096089219343243,1.9719386572954407,*
PCE,5,core_pce,119,-0.7788905693133243,-0.49122945580113114,0.6232641677148987,0.096089219343243,1.5855941864134664,
PCE,15,headline_pce,119,-2.9943939474401837,-1.8815334234485013,0.059899393066637246,0.05810186491593439,1.5914646586250993,*
PCE,15,core_pce,119,-1.8552684061095102,-0.7127854463904235,0.4759785327069752,0.05810186491593439,2.602842714458706,
PCE,30,headline_pce,119,-3.2644616222128806,-1.547261507707205,0.12180019958462143,0.02602989686325019,2.1098318583846196,
PCE,30,core_pce,119,-0.689107261918381,-0.2508289296551165,0.8019463737878256,0.02602989686325019,2.74731970855948,
PCE,60,headline_pce,119,-4.790858699630278,-1.4321493239797993,0.1521010910272398,0.031504164712179095,3.345222889409997,
PCE,60,core_pce,119,-0.4607237008281867,-0.1496416202590654,0.8810473696542325,0.031504164712179095,3.078847315543389,
