market,release,horizon,variable,n,beta,t,p,r2
ES,CPI,1,headline_cpi,122,-18.106721409489133,-3.0508134204984563,0.0028143666755018914,0.29945155303331794
ES,CPI,1,core_cpi,122,-6.797424348140261,-1.2690646181444623,0.2068945849132146,0.29945155303331794
ES,CPI,5,headline_cpi,122,-20.757844048289268,-2.828964362521897,0.005482101580476648,0.27254288569536744
ES,CPI,5,core_cpi,122,-6.406032550718971,-1.0805421996170996,0.2820858329799474,0.27254288569536744
ES,CPI,15,headline_cpi,122,-20.60177679419486,-2.5731765170839824,0.011305219994354729,0.22274860829286713
ES,CPI,15,core_cpi,122,-6.597881429406604,-0.9780092297024668,0.33005381408945966,0.22274860829286713
ES,CPI,30,headline_cpi,122,-23.772033006513837,-2.646179403746499,0.009241246510509683,0.25155107804004306
ES,CPI,30,core_cpi,122,-7.083985391635512,-0.9134672925246307,0.3628438678957418,0.25155107804004306
ES,CPI,60,headline_cpi,122,-23.571064071321356,-2.659770964017074,0.008896907943702726,0.23069571198871341
ES,CPI,60,core_cpi,122,-6.534975965413417,-0.883282474356004,0.378864606930771,0.23069571198871341
ES,NFP,1,nonfarm_payrolls,121,2.3548193898373597,0.6821746672985243,0.496476817565256,0.027658332144564812
ES,NFP,1,unemployment_rate,121,3.682911612412607,0.9543654797170098,0.34186631565643766,0.027658332144564812
ES,NFP,1,avg_hourly_earnings,121,0.27509705111218924,0.018730358885036803,0.9850881137606994,0.027658332144564812
ES,NFP,5,nonfarm_payrolls,121,2.771006386188564,1.04892885016429,0.29637277318331745,0.03402431235674064
ES,NFP,5,unemployment_rate,121,4.261485701750062,1.1532457495406438,0.251160088374255,0.03402431235674064
ES,NFP,5,avg_hourly_earnings,121,-0.9666852381918699,-0.06176122999854769,0.950858360129178,0.03402431235674064
ES,NFP,15,nonfarm_payrolls,121,3.0248319466770552,1.3295160694143109,0.18626419483369364,0.04957961204333072
ES,NFP,15,unemployment_rate,121,3.9266516186290996,1.0676008163449053,0.28789850148062845,0.04957961204333072
ES,NFP,15,avg_hourly_earnings,121,-0.4188515941302731,-0.03977712674773234,0.9683386075237538,0.04957961204333072
ES,NFP,30,nonfarm_payrolls,121,2.530744773125548,0.977492770760654,0.3303420666627439,0.040784127406472304
ES,NFP,30,unemployment_rate,121,2.6476255110553786,0.6426008461637162,0.5217403914040338,0.040784127406472304
ES,NFP,30,avg_hourly_earnings,121,-0.7285639090142731,-0.061682350652434936,0.9509210418770603,0.040784127406472304
ES,NFP,60,nonfarm_payrolls,121,2.719361550810645,1.136475533388238,0.25807998460013365,0.07019604761679132
ES,NFP,60,unemployment_rate,121,2.2292432748953246,0.6132964056044063,0.5408707968033608,0.07019604761679132
ES,NFP,60,avg_hourly_earnings,121,-1.2130160640180319,-0.11695521013645604,0.9070960727493135,0.07019604761679132
ES,PCE,1,headline_pce,119,-3.692881684584905,-1.775633542100337,0.0784155954251686,0.13756920252950566
ES,PCE,1,core_pce,119,-0.8406720132896084,-0.7061610140039363,0.481503898780294,0.13756920252950566
ES,PCE,5,headline_pce,119,-3.8239214415761835,-1.7789543115606956,0.07786648063339897,0.09608921934330017
ES,PCE,5,core_pce,119,-0.7788905693110452,-0.45343653169591125,0.6510815389421549,0.09608921934330017
ES,PCE,15,headline_pce,119,-2.9943939474397174,-1.7686215373962164,0.07958557477866773,0.05810186491594993
ES,PCE,15,core_pce,119,-1.8552684061099467,-0.6615041637473236,0.5096008918149133,0.05810186491594993
ES,PCE,30,headline_pce,119,-3.264461622213526,-1.4642116570671773,0.14584093011542676,0.026029896863239754
ES,PCE,30,core_pce,119,-0.6891072619165418,-0.2350689151845438,0.8145697063313133,0.026029896863239754
ES,PCE,60,headline_pce,119,-4.790858699630594,-1.3310535155622858,0.18578161565654666,0.03150416471217088
ES,PCE,60,core_pce,119,-0.4607237008263719,-0.1405912275913259,0.8884367210481264,0.03150416471217088
NQ,CPI,1,headline_cpi,115,-25.890922032283807,-3.042115819236074,0.002926690020937943,0.32278887095110964
NQ,CPI,1,core_cpi,115,-8.657539162614302,-1.2266692565164712,0.22251944801633675,0.32278887095110964
NQ,CPI,5,headline_cpi,115,-27.742288870851752,-2.71715835651819,0.007630848751963239,0.2958080725940596
NQ,CPI,5,core_cpi,115,-9.708962466657367,-1.1796194842996177,0.2406511837659471,0.2958080725940596
NQ,CPI,15,headline_cpi,115,-27.507111985924634,-2.5088287059748366,0.013544486304733878,0.2605863844485442
NQ,CPI,15,core_cpi,115,-10.588572878272805,-1.1826209024643815,0.23946391196938646,0.2605863844485442
NQ,CPI,30,headline_cpi,115,-30.47934778086756,-2.5538024384555666,0.011999257848299366,0.29013665073266204
NQ,CPI,30,core_cpi,115,-12.80675399468383,-1.252569131274456,0.21297163714149037,0.29013665073266204
NQ,CPI,60,headline_cpi,115,-30.52054367037242,-2.6028893736671628,0.010495096566874905,0.2707787870840018
NQ,CPI,60,core_cpi,115,-12.017970748594717,-1.2045133058443898,0.23093044094867368,0.2707787870840018
NQ,NFP,1,nonfarm_payrolls,120,1.8414841560730124,0.5984428353168804,0.5507112413108487,0.01160735580141381
NQ,NFP,1,unemployment_rate,120,2.822998614616957,0.7884636422641339,0.43203394486631963,0.01160735580141381
NQ,NFP,1,avg_hourly_earnings,120,0.17200839007615665,0.011546162153522683,0.9908075344001205,0.01160735580141381
NQ,NFP,5,nonfarm_payrolls,120,2.4779288023821637,0.9833696667464723,0.3274721392543057,0.012691023615014396
NQ,NFP,5,unemployment_rate,120,4.8213844487373745,1.3433529949316394,0.1817798668847251,0.012691023615014396
NQ,NFP,5,avg_hourly_earnings,120,-0.9023203816174696,-0.05402290324774731,0.9570098471100523,0.012691023615014396
NQ,NFP,15,nonfarm_payrolls,120,2.1178065426644372,0.8865653637800177,0.37714728019258853,0.006401755766813344
NQ,NFP,15,unemployment_rate,120,4.332626394505716,1.1106363363436615,0.2690217809905375,0.006401755766813344
NQ,NFP,15,avg_hourly_earnings,120,-0.04502101322055391,-0.004190345283847051,0.9966637958218856,0.006401755766813344
NQ,NFP,30,nonfarm_payrolls,120,1.2595402867190877,0.4331158774807484,0.6657348667256531,0.0026338048960713456
NQ,NFP,30,unemployment_rate,120,2.288418858538643,0.5173174145389453,0.6059196580808137,0.0026338048960713456
NQ,NFP,30,avg_hourly_earnings,120,-0.48763084996384454,-0.03970486469948076,0.9683966781658355,0.0026338048960713456
NQ,NFP,60,nonfarm_payrolls,120,0.9861041339479484,0.37891475308553807,0.7054438299510948,0.011056020195579608
NQ,NFP,60,unemployment_rate,120,1.1408654976585098,0.2635709109411321,0.7925782084223992,0.011056020195579608
NQ,NFP,60,avg_hourly_earnings,120,-1.5392935483197534,-0.162539420016064,0.8711638930611364,0.011056020195579608
NQ,PCE,1,headline_pce,118,-5.469938376477892,-1.9010290509838126,0.05980109329366867,0.16854791884380793
NQ,PCE,1,core_pce,118,-1.4229284646655025,-0.9697538998804185,0.3342043580650771,0.16854791884380793
NQ,PCE,5,headline_pce,118,-5.214717705271074,-1.985886715542706,0.04942510775762061,0.10160964505186765
NQ,PCE,5,core_pce,118,-1.013804048743926,-0.42525279514715286,0.6714470922566591,0.10160964505186765
NQ,PCE,15,headline_pce,118,-3.881725567324429,-1.5783175146637543,0.1172395075505688,0.0522700255636358
NQ,PCE,15,core_pce,118,-2.3570397545424986,-0.6013284955887015,0.5488047279490537,0.0522700255636358
NQ,PCE,30,headline_pce,118,-4.202029565980049,-1.371672315717396,0.17283568812535724,0.034096037994328254
NQ,PCE,30,core_pce,118,-1.3805061974153428,-0.35833502431157066,0.7207495500630964,0.034096037994328254
NQ,PCE,60,headline_pce,118,-5.42390707566709,-1.21625152531613,0.22637965462664533,0.039092327930516424
NQ,PCE,60,core_pce,118,-2.101257897535998,-0.5067621000447456,0.6132920335279306,0.039092327930516424
ZN,CPI,1,headline_cpi,122,-10.520706797267115,-3.0988761725474308,0.0024244502220115887,0.3374150819086763
ZN,CPI,1,core_cpi,122,-3.655714259439849,-1.3430436024055963,0.1818137750342865,0.3374150819086763
ZN,CPI,5,headline_cpi,122,-9.920585684328481,-2.7735510216437858,0.006439257224746784,0.2966797190237116
ZN,CPI,5,core_cpi,122,-4.577311652486099,-1.535631257954006,0.1272834178368983,0.2966797190237116
ZN,CPI,15,headline_cpi,122,-10.910757041170555,-2.8560884058406404,0.005062669791163458,0.2654956198871311
ZN,CPI,15,core_cpi,122,-3.854975890708455,-1.2392392171337148,0.21769547095049785,0.2654956198871311
ZN,CPI,30,headline_cpi,122,-10.580009824268954,-2.7580720073638956,0.006732591065806349,0.2548459613893822
ZN,CPI,30,core_cpi,122,-4.471432147002783,-1.3755228183174764,0.17155313260505928,0.2548459613893822
ZN,CPI,60,headline_cpi,122,-11.743243706871615,-2.929842998902748,0.004066326070563587,0.25077652480844514
ZN,CPI,60,core_cpi,122,-4.099075528426608,-1.1232879611651254,0.26357626829764746,0.25077652480844514
ZN,NFP,1,nonfarm_payrolls,120,-1.524677360423298,-0.7258033077215014,0.46942118743833156,0.02042876916908165
ZN,NFP,1,unemployment_rate,120,-2.121607901744476,-0.8730764487920549,0.3844251478107412,0.02042876916908165
ZN,NFP,1,avg_hourly_earnings,120,-0.11721915010174558,-0.01935265842465138,0.9845930248207052,0.02042876916908165
ZN,NFP,5,nonfarm_payrolls,120,-1.5451185733731894,-0.8454054686675935,0.3996249110425296,0.027316968295832744
ZN,NFP,5,unemployment_rate,120,-1.745765844630553,-0.7213410549879663,0.47215108982481646,0.027316968295832744
ZN,NFP,5,avg_hourly_earnings,120,-0.19050583451075243,-0.028486057112202694,0.9773234388102876,0.027316968295832744
ZN,NFP,15,nonfarm_payrolls,120,-1.7721038127179858,-1.0758764939965102,0.28421508088502906,0.030329411258365746
ZN,NFP,15,unemployment_rate,120,-2.2289056291418325,-0.965313677013448,0.3363958881896171,0.030329411258365746
ZN,NFP,15,avg_hourly_earnings,120,-0.3275404503740675,-0.04719083515186402,0.9624422818296645,0.030329411258365746
ZN,NFP,30,nonfarm_payrolls,120,-1.3969879043967868,-0.9076060752590402,0.3659680175213495,0.01353056779242956
ZN,NFP,30,unemployment_rate,120,-2.114848581355078,-0.8698234026590007,0.3861932514386678,0.01353056779242956
ZN,NFP,30,avg_hourly_earnings,120,-0.5412235188720051,-0.0790478915739382,0.9371307328923665,0.01353056779242956
ZN,NFP,60,nonfarm_payrolls,120,-1.319510973885083,-0.8249979504301487,0.4110660745173272,0.014057513746537298
ZN,NFP,60,unemployment_rate,120,-1.936916802481847,-0.7428188830380729,0.4590930014621039,0.014057513746537298
ZN,NFP,60,avg_hourly_earnings,120,-0.704401707607105,-0.07882289923302974,0.9373093023582125,0.014057513746537298
ZN,PCE,1,headline_pce,107,-1.246248141752939,-1.610578576170711,0.11030269023635846,0.1036637581175166
ZN,PCE,1,core_pce,107,-0.9810731598104903,-1.227252037481635,0.22249868660149227,0.1036637581175166
ZN,PCE,5,headline_pce,107,-0.9040022779183958,-0.9521032572197217,0.34325217449647877,0.04110779387710606
ZN,PCE,5,core_pce,107,-0.7311545453879595,-0.8671732485586804,0.38784350350397145,0.04110779387710606
ZN,PCE,15,headline_pce,107,-0.7333688279285075,-0.4532587789800868,0.6513066949358401,0.017404114446283203
ZN,PCE,15,core_pce,107,-0.61348196602896,-0.5730799434579329,0.5678276063376906,0.017404114446283203
ZN,PCE,30,headline_pce,107,-0.7915279154450895,-0.5809677951922135,0.562519068721659,0.015984014353441878
ZN,PCE,30,core_pce,107,-0.624962093552734,-0.6448945999822697,0.5204155430333453,0.015984014353441878
ZN,PCE,60,headline_pce,107,0.11265953687773056,0.0839801817668123,0.9332336295287659,0.01816162993291881
ZN,PCE,60,core_pce,107,-1.5303716777871363,-1.3538908584562535,0.1787060376584403,0.01816162993291881
