market,release,|1m|,|5m|,|15m|,|30m|,|60m|
ES,CPI,28.13844695048416,31.42467593695006,34.621716344270055,38.462426831788555,37.79279104943108
ES,NFP,21.45838194167267,26.27567721679664,26.059408338687405,29.56536754107811,29.174873618420886
ES,PCE,6.96932805773699,9.381992022921565,12.87018422430368,14.88767114456154,18.1354909723294
NQ,CPI,38.610240290618876,44.662361520598,48.35310771235527,53.58126274869458,53.98954531530272
NQ,NFP,25.601612144545378,31.550329246093167,31.49717669444356,35.979167166754976,35.108789299725885
NQ,PCE,9.204357560054769,12.482001230517481,17.18705606900998,18.51927092892879,23.181233814528678
YM,CPI,23.672939623207313,27.65478021600013,29.570605811345928,33.22410797292275,33.25640987031737
YM,NFP,19.2806102944817,23.695548250538664,25.03120554363747,27.906308851824853,28.605898203187436
YM,PCE,5.379459167152032,7.34788884533205,10.203947901807362,11.88468502524482,15.948140498315237
