state,family,target,n,r2,g_abs_x,h_state,t_state,p_state,q_bh
rv_20d,CPI,ret_1m_bps,122,0.13353339649486773,15.952491341813928,28.694616428149914,2.5133220388857316,0.01329711791519103,0.03494133174794723
rv_20d,CPI,ret_5m_bps,122,0.13568028923932185,16.975073278402526,39.14465773026333,2.7609540898956757,0.006677069566562894,0.020544829435578133
rv_20d,CPI,ret_15m_bps,122,0.088814032361762,15.224855574855617,35.27759384976906,2.194504340392512,0.030141118604422316,0.06165228805450019
rv_20d,CPI,ret_30m_bps,122,0.11293327353058213,18.037570696486846,41.56926940099551,2.510586069712409,0.013395254625575477,0.03494414250150125
rv_20d,CPI,ret_60m_bps,122,0.11270702260221299,19.13932287952286,41.19635731160875,2.5448790046719423,0.012210849710913097,0.03290620253854265
rv_20d,CPI,drift_5m_bps,122,0.03712705091781188,2.37547346728923,7.147892974745127,1.4623343618105211,0.1462855784215082,0.2167193754392714
rv_20d,CPI,drift_15m_bps,122,0.11634976735762526,4.203196607497494,15.12524283051059,2.7802328628109723,0.006316269764237202,0.019772670566307764
rv_20d,CPI,drift_30m_bps,122,0.11168678090492523,4.518521367091028,19.68380355409695,3.086563782445868,0.0025192615042839523,0.010796835018359796
rv_20d,CPI,drift_60m_bps,122,0.10450613210223736,4.944377463051169,19.59175036728743,2.9201578293228345,0.0041859964514169125,0.01551571661778802
rv_20d,NFP,ret_1m_bps,121,0.07199496695831775,0.002216507494327289,18.44322298366423,2.9905073755363496,0.003390894162741543,0.013563576650966172
rv_20d,NFP,ret_5m_bps,121,0.0943572549677344,0.2022957811701643,22.430466633129242,3.4045365239625944,0.0009062431933523634,0.00534832048535821
rv_20d,NFP,ret_15m_bps,121,0.0713496916334676,0.613570854751923,16.734103918931623,2.2425543035623954,0.026793275496940352,0.05607894871452632
rv_20d,NFP,ret_30m_bps,121,0.07666110174047713,0.6274529998673868,21.649297636132573,2.624548178655908,0.009824048835548065,0.02784769748659294
rv_20d,NFP,ret_60m_bps,121,0.07582045814765148,0.994989515989002,14.865291468329294,1.780665091797837,0.07754044406188948,0.1304418685153281
rv_20d,NFP,drift_5m_bps,121,0.12312112691491117,0.3157544407206648,7.660071844110893,2.423040231262323,0.016910811109896937,0.039790143787992796
rv_20d,NFP,drift_15m_bps,121,0.10060096892499582,0.45465812449198667,8.012367366343295,2.2817801549579366,0.024294808226101822,0.053006854311494885
rv_20d,NFP,drift_30m_bps,121,0.12206486208296574,0.47231087541404104,16.726205600570207,3.126668979039152,0.0022265596093142014,0.010019518241913907
rv_20d,NFP,drift_60m_bps,121,0.10690762544680799,0.8233952485963657,14.063994539027732,2.2619641163026896,0.025530197541731924,0.05470756616085412
rv_20d,PCE,ret_1m_bps,119,0.06204177509465569,2.939977198086718,5.366552869952789,1.809469388375943,0.07296761581014104,0.12449451038697049
rv_20d,PCE,ret_5m_bps,119,0.08425742473386799,3.6589198505937746,7.6103148788916295,2.4645795484887163,0.015183001535615153,0.03693162535690172
rv_20d,PCE,ret_15m_bps,119,0.038402560959757914,1.1577995677405015,9.314970324669329,2.3400707860078005,0.020989229171434975,0.047644826411512145
rv_20d,PCE,ret_30m_bps,119,0.0920822120710928,2.4406863940733743,17.98970771332528,2.5048707157273378,0.013638041443497643,0.03521611230960493
rv_20d,PCE,ret_60m_bps,119,0.10976837511266024,4.628093538665259,23.459313555677376,2.6947725012123773,0.008090101535299998,0.02387243075990163
rv_20d,PCE,drift_5m_bps,119,0.026381197541311963,0.5399628993886955,3.3004527328691764,1.842699694698835,0.06792627250206278,0.11813264782967439
rv_20d,PCE,drift_15m_bps,119,0.07434674515546913,2.1211571851938236,8.337067222108281,2.774611503206228,0.0064435035471411195,0.019997079973886233
rv_20d,PCE,drift_30m_bps,119,0.12998946557576785,0.9051278313332839,19.015669755490343,2.800196643147332,0.005984375274602808,0.019235491954080454
rv_20d,PCE,drift_60m_bps,119,0.076419187183554,0.6134829732166089,17.772507920846838,2.0824184885722596,0.03950261066104571,0.07604780662019495
rv_20d,ALL,ret_1m_bps,362,0.03191804737745252,0.377782391984169,16.308991819560557,3.488967194491782,0.0005451704456497604,0.0037811277952109
rv_20d,ALL,ret_5m_bps,362,0.0457312265899692,0.6066972961805225,21.766220369463543,3.939713142095772,9.803884551264625e-05,0.0015247154606702845
rv_20d,ALL,ret_15m_bps,362,0.03521609588376329,0.897154843594815,19.364505227894067,3.223460751670751,0.0013825368670490037,0.007541110183903656
rv_20d,ALL,ret_30m_bps,362,0.04905554404890611,0.9742751306646682,25.720367858101817,3.930654814395805,0.00010164769737801898,0.0015247154606702845
rv_20d,ALL,ret_60m_bps,362,0.050379188439183986,1.3291812749020864,24.882564878376186,3.81735107713655,0.00015884318022184118,0.001844630479995575
rv_20d,ALL,drift_5m_bps,362,0.04288758768194445,0.37622147723761923,5.893371874843514,2.8793593652999268,0.004223722857064517,0.01551571661778802
rv_20d,ALL,drift_15m_bps,362,0.07592064306039115,0.5418431280772854,10.077714114575764,4.24669358544158,2.766815386565258e-05,0.0006225334619771831
rv_20d,ALL,drift_30m_bps,362,0.10517892658291306,0.562493267570516,18.167984190448426,5.202443847984476,3.31378053480056e-07,1.7042299893260023e-05
rv_20d,ALL,drift_60m_bps,362,0.08743315193194112,0.9084583680759891,16.896155477394167,4.247767566591081,2.7542228680070677e-05,0.0006225334619771831
rv_pre_1d,CPI,ret_1m_bps,122,0.10278115118308684,15.04778684465334,14.889497388776004,1.3976442933716158,0.16482001634891028,0.23829399954059316
rv_pre_1d,CPI,ret_5m_bps,122,0.09437611159267756,15.707086576405674,21.482155010078543,1.7008080130940169,0.09159085943568017,0.1479471072324515
rv_pre_1d,CPI,ret_15m_bps,122,0.05777834866925169,14.185157836407294,15.793733722915933,1.092890732022129,0.2766492912646722,0.34945173633432275
rv_pre_1d,CPI,ret_30m_bps,122,0.0744745666664911,16.791852990883314,19.32330897765136,1.2882112874042309,0.20017160886776772,0.27716068920152453
rv_pre_1d,CPI,ret_60m_bps,122,0.07711018372314127,17.91258780477654,18.879707925514317,1.34498702968578,0.1811871292992451,0.2568006556997175
rv_pre_1d,CPI,drift_5m_bps,122,0.03464727763033437,2.0619088907693386,6.762058618597257,1.4535385616876926,0.14870644247479758,0.21940294791363577
rv_pre_1d,CPI,drift_15m_bps,122,0.1074488698624152,3.5394264534599884,14.317603374012862,2.86697446688387,0.004902755412262798,0.01649525185434212
rv_pre_1d,CPI,drift_30m_bps,122,0.052909799075744335,3.8825347045365644,10.746260157677732,1.5582206381126094,0.12183653331772197,0.1898751168587875
rv_pre_1d,CPI,drift_60m_bps,122,0.05188125245129349,4.315772061438166,10.543456368970716,1.786204585764935,0.07661271731946906,0.12962456976067432
rv_pre_1d,NFP,ret_1m_bps,121,0.03855515390991904,0.03678492049838943,13.896724573043434,2.6688449366698426,0.00868278313677585,0.025208080074510534
rv_pre_1d,NFP,ret_5m_bps,121,0.061128449049088096,0.238240721628507,18.292963636402337,3.156320660036201,0.0020281143370255755,0.009242040016825407
rv_pre_1d,NFP,ret_15m_bps,121,0.04401351907117823,0.6540346530044914,10.531668702176544,1.686915367845308,0.09426158693120476,0.1514918361394362
rv_pre_1d,NFP,ret_30m_bps,121,0.0566630409410821,0.6618060837913827,17.73351692730708,2.430043387685324,0.016603176324210434,0.03932331234681419
rv_pre_1d,NFP,ret_60m_bps,121,0.06344171207036742,1.023135313959658,11.136064639497505,1.5362253613825136,0.12716020942539236,0.19397320081839514
rv_pre_1d,NFP,drift_5m_bps,121,0.18487949935448322,0.3075768064653957,10.91650426319986,3.81371484644814,0.0002192945137155302,0.0023219419099291434
rv_pre_1d,NFP,drift_15m_bps,121,0.12495723934945979,0.45044440987416173,10.427741489772218,3.045177633531493,0.002868522671356856,0.012007769321958931
rv_pre_1d,NFP,drift_30m_bps,121,0.12482207516086485,0.48189178631764673,17.57289488521072,3.4717828617917026,0.0007232621723998832,0.0045679716151571575
rv_pre_1d,NFP,drift_60m_bps,121,0.12768966329746134,0.8185405034335517,17.72343600534218,3.01451431756315,0.003151550129411694,0.012892705074866022
rv_pre_1d,PCE,ret_1m_bps,119,0.08415800502351534,2.622377052500504,7.572048690925428,2.237353095137134,0.02717357887553139,0.0565461756947474
rv_pre_1d,PCE,ret_5m_bps,119,0.12543404632930144,3.2033500446690835,11.165042872551306,2.854184074279413,0.005112035594110607,0.017038465033568654
rv_pre_1d,PCE,ret_15m_bps,119,0.08270692226201981,0.5901955348998765,14.489531615003164,2.8510789370691327,0.005158868579608287,0.017038465033568654
rv_pre_1d,PCE,ret_30m_bps,119,0.11827217718064154,1.4228552747789218,21.5225327801193,2.9353520356563005,0.004017763953637888,0.015090958751075079
rv_pre_1d,PCE,ret_60m_bps,119,0.1283446885206576,3.3152061172556353,26.878588726489347,2.8280408367907754,0.0055187921275077255,0.017898785278403433
rv_pre_1d,PCE,drift_5m_bps,119,0.07778638149589623,0.32719073941991306,6.095208747438068,3.2421849150185293,0.001548943251671776,0.007853796769039991
rv_pre_1d,PCE,drift_15m_bps,119,0.11619803104664683,1.6324280519110719,11.37832793408488,3.413694682504317,0.0008835026846418834,0.00534832048535821
rv_pre_1d,PCE,drift_30m_bps,119,0.15206585462461897,-0.15691344191235637,21.60918298532067,3.3489359103016128,0.0010947148553854455,0.0061968433021505
rv_pre_1d,PCE,drift_60m_bps,119,0.10416989603511728,-0.398600201221787,21.801932916857382,2.5166545825646622,0.01321358542999477,0.03494133174794723
rv_pre_1d,ALL,ret_1m_bps,362,0.014798424970859148,0.3924914821274121,10.732982154285867,2.470383667658405,0.013960801503758708,0.03539358127713475
rv_pre_1d,ALL,ret_5m_bps,362,0.025113333749562705,0.6197522197800086,15.615256602152796,3.1554829227580674,0.0017376826013954523,0.00834087648669817
rv_pre_1d,ALL,ret_15m_bps,362,0.018092080885212858,0.9195897402043424,11.768216441326896,2.163935541929348,0.031128298794113135,0.06331179415751824
rv_pre_1d,ALL,ret_30m_bps,362,0.02691192242381013,0.994112965108518,17.58606678212611,2.8949388084947563,0.0040242556669533545,0.015090958751075079
rv_pre_1d,ALL,ret_60m_bps,362,0.031380890404382966,1.346943507918845,17.293816821127084,2.86813946904628,0.00437290702791862,0.01566257513101068
rv_pre_1d,ALL,drift_5m_bps,362,0.05446367166280919,0.3643659555957977,7.24901643415817,3.483194592998344,0.0005566660365171603,0.0037811277952109
rv_pre_1d,ALL,drift_15m_bps,362,0.0882312587836982,0.5261502968316285,11.496794306986715,4.981827119810754,9.809809296152618e-07,4.414414183268678e-05
rv_pre_1d,ALL,drift_30m_bps,362,0.07907977560486579,0.5596169045550796,15.73748605374036,4.333805491042088,1.9053050312413085e-05,0.0004899355794620508
rv_pre_1d,ALL,drift_60m_bps,362,0.07930897306426521,0.8980820711620818,16.147545199331976,4.058825814333614,6.056422566657466e-05,0.0010382438685698514
mom_20d,CPI,ret_1m_bps,122,0.10779284835327829,15.4074474940127,-18.489497673328348,-1.2883077362922295,0.20013815648881553,0.27716068920152453
mom_20d,CPI,ret_5m_bps,122,0.1007646162268101,16.229006745004895,-25.886128694571223,-1.4722036795321198,0.1436057293110509,0.213628357652803
mom_20d,CPI,ret_15m_bps,122,0.06536620016799322,14.553813798453739,-22.98220756838189,-1.1595972012646545,0.24853424351054304,0.32773746396994685
mom_20d,CPI,ret_30m_bps,122,0.0784616236165181,17.26077993194469,-23.427123588348856,-1.1834569692569155,0.23898686728582572,0.318649156381101
mom_20d,CPI,ret_60m_bps,122,0.0797800917335767,18.37382191036391,-22.083438348167995,-1.0853095945736346,0.2799783150798659,0.35242025674388716
mom_20d,CPI,drift_5m_bps,122,0.06748309690342735,2.21315975971797,-11.568024267762373,-2.713345287986324,0.0076498025637201485,0.022949407691160446
mom_20d,CPI,drift_15m_bps,122,0.14147220787952997,3.8841092255873058,-18.084552066757293,-3.385740817596495,0.000962338957940972,0.0055877745944959666
mom_20d,CPI,drift_30m_bps,122,0.06962958588751245,4.138191162214446,-14.373532404671058,-2.203632938724474,0.02947513969519545,0.06063457308725922
mom_20d,CPI,drift_60m_bps,122,0.06794748247811289,4.565336531019705,-14.43468184747971,-1.9822619121012548,0.04975437138186638,0.09185422408959945
mom_20d,NFP,ret_1m_bps,121,0.006973264175391569,0.141332934384198,-5.934492915643997,-0.7210194290992818,0.4723236485805214,0.5347060172609677
mom_20d,NFP,ret_5m_bps,121,0.03365705176588485,0.41817213861448027,-13.560503185407097,-1.5547151565078685,0.12269196408936725,0.19038408220763883
mom_20d,NFP,ret_15m_bps,121,0.03217328644990314,0.7419898820289543,-5.682704211998215,-0.6414091440815091,0.5225008069003156,0.5805564521114618
mom_20d,NFP,ret_30m_bps,121,0.028872132484300317,0.7967461831700586,-7.780452074547126,-0.7936231050498822,0.4290078807596093,0.4918561690237559
mom_20d,NFP,ret_60m_bps,121,0.04990309319805486,1.080069586606306,-1.1081645954371233,-0.11648976398230744,0.9074624245856869,0.9277299344290646
mom_20d,NFP,drift_5m_bps,121,0.18071483889112494,0.438512666297823,-11.293480270110406,-3.737502575022509,0.00028801704171555446,0.002802327973448638
mom_20d,NFP,drift_15m_bps,121,0.0916400450886441,0.552952227317594,-7.721825733163315,-2.2518153842011244,0.02618395695416963,0.05544837943235921
mom_20d,NFP,drift_30m_bps,121,0.06251634845282916,0.633632435261101,-10.158747056242465,-1.8390367179028486,0.06842395477017621,0.11842607556376651
mom_20d,NFP,drift_60m_bps,121,0.09391743643897876,0.9901565349078743,-12.769635590276815,-2.038929487818273,0.04369128323641719,0.08322149187888989
mom_20d,PCE,ret_1m_bps,119,0.07052266787093786,2.8045550821146548,-6.23248126492525,-1.7125611863034842,0.08946512643796221,0.1457350475912507
mom_20d,PCE,ret_5m_bps,119,0.07655598751460391,3.440344865327328,-7.0076677808672825,-1.7480291623180375,0.0831048197379298,0.13723731699841618
mom_20d,PCE,ret_15m_bps,119,0.09484028419978163,0.9834998631021153,-15.010033935550412,-3.5136619382123015,0.0006310793288108838,0.004130701061307604
mom_20d,PCE,ret_30m_bps,119,0.08269827170943145,1.9342069778598874,-17.268946535454965,-2.5553621316230792,0.011901351571322334,0.03245823155815182
mom_20d,PCE,ret_60m_bps,119,0.08817988712100666,3.9461720065747734,-21.03935565769596,-2.320816323079871,0.022043816983491116,0.04898625996331359
mom_20d,PCE,drift_5m_bps,119,0.02334756062412202,0.4466027635738654,-3.1378820004249115,-1.6391524529706634,0.10389091510195297,0.16403828700308365
mom_20d,PCE,drift_15m_bps,119,0.09880572172257518,1.9157096110205414,-10.02272092887094,-3.042122812677301,0.002905585257836735,0.012023111411738216
mom_20d,PCE,drift_30m_bps,119,0.09172780971698913,0.3402784351397861,-16.219476124072003,-2.5033102535170006,0.013695154787068585,0.03521611230960493
mom_20d,PCE,drift_60m_bps,119,0.07181300504761512,0.11940145108482654,-17.493935562948938,-2.0876449914897517,0.039019028149408795,0.07552069964401702
mom_20d,ALL,ret_1m_bps,362,0.01434468926657051,0.5228521692911011,-10.74133032187928,-1.8106020642114198,0.07103833704748742,0.12178000636712129
mom_20d,ALL,ret_5m_bps,362,0.025347378323501535,0.8122348045465075,-16.028019409032407,-2.3161591734623346,0.021112228608945686,0.047644826411512145
mom_20d,ALL,ret_15m_bps,362,0.023411844204222154,1.0857752056727628,-15.077254015482865,-2.0194925717952463,0.044178680373917485,0.08347830492164506
mom_20d,ALL,ret_30m_bps,362,0.024691668197629135,1.201908260805169,-16.776356597749604,-2.1559463953072395,0.031751743268098764,0.06389703710978399
mom_20d,ALL,ret_60m_bps,362,0.02755241837584599,1.543543837893761,-15.398818114201871,-1.8908830818563431,0.05944491846698307,0.10594143885204904
mom_20d,ALL,drift_5m_bps,362,0.06829506171193644,0.46211539245926986,-8.631931700200838,-4.437071633889566,1.2146137610699852e-05,0.00033635457998861125
mom_20d,ALL,drift_15m_bps,362,0.09184683219930778,0.6696454265679802,-12.053185274416794,-4.917325493259839,1.3377197493698918e-06,5.350878997479567e-05
mom_20d,ALL,drift_30m_bps,362,0.06268026510084768,0.7374544839711973,-13.861165575138845,-3.885700197685,0.00012149902037621672,0.0015672700267458375
mom_20d,ALL,drift_60m_bps,362,0.07181369822906758,1.0878275162598343,-15.254705091833467,-3.6329646830099995,0.00032101406069261326,0.0030411858381405466
dd_60d,CPI,ret_1m_bps,122,0.1447130927367266,14.382133179142853,-32.39550452987806,-2.480458545260398,0.01451954515184762,0.03605930627108122
dd_60d,CPI,ret_5m_bps,122,0.1601048485367187,14.74755731631736,-46.7139892443571,-2.999065507654625,0.003298448481492886,0.01334203880154426
dd_60d,CPI,ret_15m_bps,122,0.10247704434313065,13.249151286286478,-41.160302785567545,-2.3594937630019293,0.019928085748850074,0.045694973691630746
dd_60d,CPI,ret_30m_bps,122,0.12083623865239246,15.830011075248454,-44.93856560688217,-2.5871405574926247,0.010880963557595238,0.03013189908257143
dd_60d,CPI,ret_60m_bps,122,0.12304894961698476,16.90769905685744,-45.832308009980935,-2.6054303492775226,0.01034697236316389,0.028875271711155042
dd_60d,CPI,drift_5m_bps,122,0.052759756272310665,1.9376519438913766,-9.448677823238882,-1.7857021577604584,0.07669453710839896,0.12962456976067432
dd_60d,CPI,drift_15m_bps,122,0.17375125036512373,3.2748182639108085,-20.05084426574286,-3.9733562069366086,0.00012189877985800958,0.0015672700267458375
dd_60d,CPI,drift_30m_bps,122,0.10021220553317378,3.5728855509460864,-18.332246807586465,-2.7249077765478478,0.007402404877710331,0.0223938298821489
dd_60d,CPI,drift_60m_bps,122,0.10653849526919112,3.9465625828282787,-19.91983882920285,-3.067065257224776,0.002676459360785889,0.011335592586857882
dd_60d,NFP,ret_1m_bps,121,0.02222444817424396,0.10950581963396352,-10.779335935624339,-1.3944171646056054,0.16581148252562514,0.23867020302121242
dd_60d,NFP,ret_5m_bps,121,0.05342014560647801,0.33754626717979996,-17.445216927498482,-2.15993122687063,0.032800623779724584,0.06517763342588553
dd_60d,NFP,ret_15m_bps,121,0.03466442105075629,0.707871539678181,-7.0095342741886775,-0.8223286554079507,0.41254846783866145,0.4829382120885921
dd_60d,NFP,ret_30m_bps,121,0.04275024776413627,0.7548468169253854,-13.975640436757786,-1.5106851497554326,0.13354199586699958,0.20199629626941112
dd_60d,NFP,ret_60m_bps,121,0.05235247382256636,1.0773795923665053,-4.972001398575753,-0.5484440295520667,0.5844231988628655,0.6414400963129012
dd_60d,NFP,drift_5m_bps,121,0.2018698074955061,0.3685222850343442,-11.942333921537827,-3.8293590407901474,0.0002072648294816972,0.0022610708670730605
dd_60d,NFP,drift_15m_bps,121,0.10710369947528642,0.5061985777940774,-9.167607288489164,-2.5675596260989937,0.011490759843067008,0.03157766063743605
dd_60d,NFP,drift_30m_bps,121,0.13749556454823164,0.5801082980300408,-19.32359256268771,-3.553030422912844,0.0005485112748156488,0.0037811277952109
dd_60d,NFP,drift_60m_bps,121,0.12716313603606066,0.9161397539335011,-18.162317158999052,-2.7517344219386373,0.006864289502962138,0.02094190017852856
dd_60d,PCE,ret_1m_bps,119,0.10407301259411217,2.6977825582099286,-8.851564488435134,-2.5447658020447554,0.012248419833790875,0.03290620253854265
dd_60d,PCE,ret_5m_bps,119,0.10710964748267382,3.3206533858996385,-9.758006141796448,-2.4395725622335935,0.016218669846328086,0.03866702744819941
dd_60d,PCE,ret_15m_bps,119,0.08967715140574939,0.7382570772032347,-14.908680445381446,-3.092181781438546,0.002489000067409496,0.010795662942980946
dd_60d,PCE,ret_30m_bps,119,0.1223893600690269,1.643734027549075,-21.633439366521635,-2.9379877241580683,0.003986142150790715,0.015090958751075079
dd_60d,PCE,ret_60m_bps,119,0.1395273408603971,3.5896239487728554,-27.786161090441063,-2.8684356956719843,0.004902039504425829,0.01649525185434212
dd_60d,PCE,drift_5m_bps,119,0.025469550607078006,0.39488152856710246,-3.360418564365504,-1.4981618688769411,0.13680756307513714,0.20606996948556222
dd_60d,PCE,drift_15m_bps,119,0.11367896239322706,1.749829545583581,-11.098072547541927,-3.232731870863329,0.0015966823723556705,0.007874050055452622
dd_60d,PCE,drift_30m_bps,119,0.15390886049888364,0.0653215087917475,-21.469129950476418,-3.267752147180632,0.0014264122863593411,0.007664304822229296
dd_60d,PCE,drift_60m_bps,119,0.10094518471017289,-0.17351738604397676,-21.194592557805073,-2.3883680756293484,0.01853749423307931,0.043334402103302284
dd_60d,ALL,ret_1m_bps,362,0.038752235418200054,0.4508146527211461,-18.74932028655557,-3.199668046220092,0.001498388845524232,0.007817680933169906
dd_60d,ALL,ret_5m_bps,362,0.06050757792225703,0.7044200222777233,-26.32309678442345,-3.889664696857514,0.00011961058599032365,0.0015672700267458375
dd_60d,ALL,ret_15m_bps,362,0.041343394863128324,0.9838649748793019,-22.23719487259049,-3.051231777250418,0.0024486414231352236,0.01075013307717903
dd_60d,ALL,ret_30m_bps,362,0.05407256346563161,1.0891919960448162,-28.232521131925168,-3.709123608341492,0.0002408880204454755,0.0024777053531534624
dd_60d,ALL,ret_60m_bps,362,0.055686309598215855,1.4404141491086846,-27.617605277761612,-3.513953695696401,0.0004979263516460997,0.0036582344202570594
dd_60d,ALL,drift_5m_bps,362,0.06623543425263623,0.40291844930967663,-8.34999446917804,-3.5219789322667663,0.00048358466455753504,0.0036582344202570594
dd_60d,ALL,drift_15m_bps,362,0.11495547930586181,0.5873937646238575,-13.757099930895711,-5.613764438255175,3.967346327373873e-08,3.5706116946364856e-06
dd_60d,ALL,drift_30m_bps,362,0.11612309973583013,0.6436577586446776,-19.897052664163816,-5.444122323456247,9.669423998223672e-08,6.781485890023957e-06
dd_60d,ALL,drift_60m_bps,362,0.10711637341009239,0.9842543945461161,-20.115609222634202,-4.758762992626479,2.828008947606324e-06,0.00010180832211382766
overnight_ret,CPI,ret_1m_bps,122,0.20549865524421895,15.562819714109237,56.233616630242764,3.1819897742396193,0.0018660692329255707,0.00872447953056111
overnight_ret,CPI,ret_5m_bps,122,0.18292035405928897,16.422020361303048,62.48952894684247,2.9583083151946097,0.0037325740720527893,0.014766227098230814
overnight_ret,CPI,ret_15m_bps,122,0.18255677039017937,14.758535022852453,77.57934766922735,3.3448510654142978,0.0011016610314934223,0.0061968433021505
overnight_ret,CPI,ret_30m_bps,122,0.2006569116524991,17.47477384217316,82.59856406916984,3.537042798823203,0.000577755278097416,0.003851701853982773
overnight_ret,CPI,ret_60m_bps,122,0.1720349924747121,18.57062447962293,74.60334729459122,3.1108608653775702,0.0023353481303654087,0.01037932502384626
overnight_ret,CPI,drift_5m_bps,122,0.12777873856445976,2.2867106512508384,19.509886996509888,3.4160730098485654,0.0008698564142562517,0.00534832048535821
overnight_ret,CPI,drift_15m_bps,122,0.10339297246481982,3.977797591038627,16.39272328333262,2.274261077166554,0.024741905344903187,0.0536571441214768
overnight_ret,CPI,drift_30m_bps,122,0.052536796429825006,4.211993676641802,12.591221764563912,1.571622007517833,0.11869336812382222,0.18578092401989565
overnight_ret,CPI,drift_60m_bps,122,0.03734150438148809,4.63081974203701,6.925514139591777,0.8575051719016566,0.3928894570228762,0.46526383068498495
overnight_ret,NFP,ret_1m_bps,121,0.004127831356729783,0.1262890463533132,-4.703878458565708,-0.7382505207912464,0.4618279648037007,0.5261331244599122
overnight_ret,NFP,ret_5m_bps,121,0.02887582945562306,0.39889481580632596,-13.228853512702914,-1.8950170108908997,0.060537064696962795,0.10735637089116555
overnight_ret,NFP,ret_15m_bps,121,0.03884170851291502,0.759828467042598,-9.8013185801462,-1.34787692877707,0.18027995447078843,0.2568006556997175
overnight_ret,NFP,ret_30m_bps,121,0.03304718288672326,0.8060957109495354,-10.94309121454353,-1.224348924619512,0.2232594119381009,0.30102392620867535
overnight_ret,NFP,ret_60m_bps,121,0.050389594077280275,1.088085756849891,-2.6567383477626576,-0.29713192469104066,0.7668882152232145,0.8072507528665416
overnight_ret,NFP,drift_5m_bps,121,0.09686379321716909,0.3982348449578224,-7.037924329459685,-1.979274047186535,0.050113727046980326,0.09204562110669856
overnight_ret,NFP,drift_15m_bps,121,0.07468773415538288,0.5312288652397661,-5.767610301878985,-1.4457846115060278,0.15088837914398676,0.22130491535642674
overnight_ret,NFP,drift_30m_bps,121,0.0463482168723498,0.6009537263397365,-6.9143123528995565,-1.1207831427690857,0.2646560051672706,0.3394526414839609
overnight_ret,NFP,drift_60m_bps,121,0.06424626039658388,0.9034077872146701,-1.1885520033507242,-0.15880009974975828,0.8740978363451999,0.9016481979492034
overnight_ret,PCE,ret_1m_bps,119,0.05910251295628122,2.7034278367109086,-5.154519214423334,-1.444746237911046,0.15122502549355826,0.22130491535642674
overnight_ret,PCE,ret_5m_bps,119,0.09033670543341121,3.321481279893624,-8.258741667143541,-2.160058236598278,0.032825690088424245,0.06517763342588553
overnight_ret,PCE,ret_15m_bps,119,0.10701637221887594,0.7325020232748892,-15.970105685630326,-3.242999334703564,0.0015448932387060875,0.007853796769039991
overnight_ret,PCE,ret_30m_bps,119,0.1574404697175703,1.6334046952970072,-24.11832434448416,-3.486512267231213,0.0006919222446292386,0.004448071572616534
overnight_ret,PCE,ret_60m_bps,119,0.12748603365229005,3.586983523895951,-25.903481378000002,-2.833750440328432,0.005427512176881581,0.01776276712433972
overnight_ret,PCE,drift_5m_bps,119,0.00681074869380649,0.39794665342191365,-1.5166341623476745,-0.8112173480348699,0.4189022274470631,0.4849028999387226
overnight_ret,PCE,drift_15m_bps,119,0.08612655291019411,1.7510573726127319,-9.256233727725768,-2.658051148693143,0.008968557581927094,0.025829445835950027
overnight_ret,PCE,drift_30m_bps,119,0.10583059676531403,0.06867924432134807,-17.43695185044791,-2.7114191571449213,0.007718201524715725,0.022963244205765794
overnight_ret,PCE,drift_60m_bps,119,0.06915486717893138,-0.17013509543671346,-17.181748169811613,-2.01123937765216,0.046618613510801016,0.08650876733963075
overnight_ret,ALL,ret_1m_bps,362,0.014999334344082849,0.3785370382305013,11.796480845508299,1.8183492169330067,0.06984396520365667,0.12030539460916938
overnight_ret,ALL,ret_5m_bps,362,0.011727481794347572,0.6433967415475687,9.608922970526475,1.300460359375964,0.19427743649446808,0.27108479510856015
overnight_ret,ALL,ret_15m_bps,362,0.017093863002674015,0.9090673516388424,12.113042903587642,1.4855073018413139,0.138287071228199,0.2074306068422985
overnight_ret,ALL,ret_30m_bps,362,0.013944751864203964,1.0263559328124388,9.856684880822327,1.1246304961233013,0.26149701868735536,0.33741550798368436
overnight_ret,ALL,ret_60m_bps,362,0.01943147565496528,1.379598558165049,9.529956803797845,1.0625574133377367,0.28869694181021144,0.3592786662468902
overnight_ret,ALL,drift_5m_bps,362,0.020346094807615067,0.3862329839364629,2.588824776396888,1.1033096895632117,0.27063171778003503,0.34548729929366173
overnight_ret,ALL,drift_15m_bps,362,0.02370594667436976,0.5905308408990914,-0.9990275717773179,-0.341426491527437,0.732982286076299,0.7760988911396106
overnight_ret,ALL,drift_30m_bps,362,0.021887644808794127,0.6730409938644171,-5.7154742087084545,-1.4216757701480502,0.15598853271617916,0.22735170760252832
overnight_ret,ALL,drift_60m_bps,362,0.031737787946242824,1.0116684542222203,-5.384315002225641,-1.1453005377736345,0.252847605969972,0.3310005023606907
prev_x,CPI,ret_1m_bps,121,0.09524241611491768,14.913969405647615,-8.973506708911083,-0.4836540733268778,0.6295277050663238,0.6826204030839657
prev_x,CPI,ret_5m_bps,121,0.09677434273491314,14.72055785668365,-25.406103120543698,-1.266543488298568,0.207812967342221,0.2855445352793876
prev_x,CPI,ret_15m_bps,121,0.05997690107005027,13.3944381881692,-19.76146339295587,-0.8492924460501163,0.3974383430506685,0.4681653906073052
prev_x,CPI,ret_30m_bps,121,0.06818017658976439,16.515104305243838,-13.25575170241762,-0.5404185647019141,0.5899269862210824,0.6455128116704854
prev_x,CPI,ret_60m_bps,121,0.07568346762100442,17.248398115954817,-19.155786417252987,-0.7352213789979989,0.4636634463963414,0.5265578571062552
prev_x,CPI,drift_5m_bps,121,0.01598289166270217,2.2319166586288133,-0.4096622284599032,-0.06737623590137626,0.946396217302794,0.9570298826657467
prev_x,CPI,drift_15m_bps,121,0.051057073580367485,3.5453226137612104,-6.475442859321639,-1.0327864296479112,0.30381595389553423,0.37585478832437225
prev_x,CPI,drift_30m_bps,121,0.0297297771453221,4.366576922977391,2.706630561914633,0.32258783780338784,0.7475782782190198,0.789232199879317
prev_x,CPI,drift_60m_bps,121,0.03377906245676454,4.345417351039459,-4.360369010584153,-0.47730331430734013,0.6340290160794844,0.6845364136513344
prev_x,NFP,ret_1m_bps,119,0.004144615946802155,0.13135006908950633,-5.870673732340597,-0.9494668180381063,0.3443571852181062,0.41600196871985984
prev_x,NFP,ret_5m_bps,119,0.011232697324594199,0.26125570171050677,7.5262989233497075,1.0806400643571155,0.2820988467870834,0.3538522119977353
prev_x,NFP,ret_15m_bps,119,0.027778398282366945,0.6987790805011298,-0.15964413501400143,-0.02276913047597076,0.9818735527388607,0.9846085765626458
prev_x,NFP,ret_30m_bps,119,0.023190335049380173,0.7239030230028182,2.065786144592733,0.23093414514040614,0.8177727838725525,0.851928853595732
prev_x,NFP,ret_60m_bps,119,0.04968074200283945,1.0717510453654049,-0.6485779086520232,-0.07039590465291319,0.9439997683061779,0.9570298826657467
prev_x,NFP,drift_5m_bps,119,0.07021797665318907,0.3197792308376871,4.955121337863781,1.0073837680692894,0.31584713087203753,0.38940057230799147
prev_x,NFP,drift_15m_bps,119,0.059002623995700554,0.496021355380328,-0.003916496282896109,-0.0010129073410328061,0.9991935568870496,0.9991935568870496
prev_x,NFP,drift_30m_bps,119,0.03564817478344129,0.566240056856103,-1.296679064242532,-0.2513234328805301,0.8020087356945972,0.8393114675873692
prev_x,NFP,drift_60m_bps,119,0.06904861235098825,0.9340866712124496,-6.486164748001649,-1.0642652582641483,0.28941892558777266,0.3592786662468902
prev_x,PCE,ret_1m_bps,118,0.05459192731295337,3.0695770516916956,-5.105099755765222,-1.218840064488012,0.22539920866570123,0.30277505641661356
prev_x,PCE,ret_5m_bps,118,0.04812016159437982,3.595273578545916,-3.0691027003170013,-0.7943589509484846,0.4286227078045278,0.4918561690237559
prev_x,PCE,ret_15m_bps,118,0.0012439471622550657,0.7780469032908988,-0.40586034098329915,-0.07149175386793351,0.9431305705655434,0.9570298826657467
prev_x,PCE,ret_30m_bps,118,0.016578719064667014,2.166164585194491,-7.936885568450452,-0.9671747583332524,0.33548629280145953,0.40802386962339676
prev_x,PCE,ret_60m_bps,118,0.0358642055840237,4.404930782005936,-13.61877811132489,-1.3334461947329233,0.1850206767618558,0.2612056613108552
prev_x,PCE,drift_5m_bps,118,0.0024223480306877487,0.3904882616048097,0.535706186573983,0.18453056610879848,0.8539222702379676,0.8833678657634149
prev_x,PCE,drift_15m_bps,118,0.013164169124544212,1.7615953983530055,-0.12757453210693812,-0.030518551908618605,0.9757063997921778,0.9811572735340335
prev_x,PCE,drift_30m_bps,118,0.005846759772104804,0.3881206816525916,-4.694964212305287,-0.5805524619505732,0.5626780326368777,0.6213622446296808
prev_x,PCE,drift_60m_bps,118,0.012102803889719849,0.29267410639497177,-8.24303040353426,-0.8212899764257138,0.41318047034246214,0.4829382120885921
prev_x,ALL,ret_1m_bps,358,0.008747859679073433,0.49970673067301247,-8.893184364614848,-1.0705972453681618,0.28507789923720317,0.35634737404650396
prev_x,ALL,ret_5m_bps,358,0.012354457025963494,0.7613328537858023,-10.922298165465222,-1.1840500155327491,0.23718544877274747,0.3174229054207773
prev_x,ALL,ret_15m_bps,358,0.013751863818428078,1.0419698929471037,-10.099685071931267,-0.9843680200013142,0.32560499978753493,0.3991257249683666
prev_x,ALL,ret_30m_bps,358,0.013542599620028795,1.148615234755699,-10.151199289944678,-0.9337832252205996,0.3510504104167956,0.42249280768857533
prev_x,ALL,ret_60m_bps,358,0.02453059904973154,1.53068499748413,-15.433167570073287,-1.3194575211073114,0.18786653063457193,0.2641873087048668
prev_x,ALL,drift_5m_bps,358,0.016829824314735564,0.391018946646444,1.1281648573974117,0.38354966323280804,0.7015418487211817,0.7472043359160515
prev_x,ALL,drift_15m_bps,358,0.026261981708113447,0.603046271302296,-2.847729877650085,-0.9105966082001229,0.3631258242763581,0.4314366229026037
prev_x,ALL,drift_30m_bps,358,0.01505996534613685,0.6478490466804839,-1.2916077615869783,-0.2883505574732668,0.7732466938172734,0.8115708739773133
prev_x,ALL,drift_60m_bps,358,0.0327824190663224,1.014741407039032,-6.462620247998853,-1.2552275581139514,0.21022179969654192,0.28678840205858425
mom_5d,CPI,ret_1m_bps,122,0.11379449159763089,14.788220807599075,-21.063456684486145,-1.53935179331527,0.1263733286262094,0.19382080441754004
mom_5d,CPI,ret_5m_bps,122,0.10877669808664259,15.374815948251861,-29.10027443336001,-1.935343446831165,0.05532066335099441,0.10007758194149743
mom_5d,CPI,ret_15m_bps,122,0.07209401703855012,13.762648762434777,-26.837416044379516,-1.5408153166594907,0.12601674187843692,0.19382080441754004
mom_5d,CPI,ret_30m_bps,122,0.09104375147725818,16.328931155762863,-31.185614013260555,-1.6573973213719944,0.10007326440517517,0.15940873976045603
mom_5d,CPI,ret_60m_bps,122,0.08706751276927949,17.566012118042917,-27.241097992006516,-1.4880408629684594,0.13938528882552545,0.208210389946843
mom_5d,CPI,drift_5m_bps,122,0.06251349072626755,1.9070409929546257,-10.695493147493726,-2.9389203319647588,0.00395702872596985,0.015090958751075079
mom_5d,CPI,drift_15m_bps,122,0.15536141300500306,3.339123060416193,-18.74904908651018,-4.039616132244335,9.52301438789846e-05,0.0015247154606702845
mom_5d,CPI,drift_30m_bps,122,0.10043596218958506,3.5878349329029033,-18.480992586319157,-2.786685594845119,0.006199535157539869,0.019577479444862746
mom_5d,CPI,drift_60m_bps,122,0.08624172550202847,4.058680156446855,-17.153544047678245,-2.8793508858265744,0.0047265764401810744,0.016361226139088334
mom_5d,NFP,ret_1m_bps,121,0.0070493639485824655,0.0749113227596296,5.742945458654681,0.9342606629154069,0.35207733974047944,0.42249280768857533
mom_5d,NFP,ret_5m_bps,121,0.01697281113836213,0.2862953518190606,8.0983406642279,1.1614413030751027,0.24780649081791029,0.32773746396994685
mom_5d,NFP,ret_15m_bps,121,0.05875498237634402,0.6417584877800143,14.747929039841996,2.028732975672115,0.04473638281908086,0.0838807177857766
mom_5d,NFP,ret_30m_bps,121,0.03718749208486649,0.6933830948187424,11.640227081767403,1.3466010535049655,0.18068957366461103,0.2568006556997175
mom_5d,NFP,ret_60m_bps,121,0.0602551661913141,1.0328567906808235,9.86193688781361,1.0970265599981794,0.27486346197412886,0.3484184729249521
mom_5d,NFP,drift_5m_bps,121,0.09236586811093062,0.3789806618925942,-5.955861605662775,-1.7420967076273208,0.08409712982165349,0.13824185724107424
mom_5d,NFP,drift_15m_bps,121,0.0622325835145795,0.5055660521214564,-2.385138339354427,-0.5713642410280628,0.5688394423988556,0.6262452576868136
mom_5d,NFP,drift_30m_bps,121,0.04362567298956177,0.5800674282254005,-5.353751353226148,-0.9275567901146256,0.3555308956639972,0.42521967587720594
mom_5d,NFP,drift_60m_bps,121,0.07574289093273512,0.926631276301492,-7.690847354801829,-1.1200626268600524,0.26496164515831394,0.3394526414839609
mom_5d,PCE,ret_1m_bps,119,0.04110203808718649,2.549089213008332,-2.698437598194095,-0.8151032814031163,0.41668357868421785,0.48425945265137726
mom_5d,PCE,ret_5m_bps,119,0.058457587772252406,3.0341415665853413,-4.978035023934489,-1.2596852717680347,0.21031149484296177,0.28678840205858425
mom_5d,PCE,ret_15m_bps,119,0.0179426839541994,0.3730341998178573,-6.420572551621049,-1.1430085840434132,0.25538856246139513,0.331912933162824
mom_5d,PCE,ret_30m_bps,119,0.004649696426492267,1.5723896232677836,-1.8224107963826859,-0.22961119369948585,0.8187982870670092,0.851928853595732
mom_5d,PCE,ret_60m_bps,119,0.01755315758898457,3.277652925741693,-5.941217045042075,-0.6043983850906619,0.5467591399197639,0.6056408934495846
mom_5d,PCE,drift_5m_bps,119,0.05603048494057561,0.09278899160237544,-5.03847237309368,-2.0639990060684483,0.04124817318854118,0.07898586355252567
mom_5d,PCE,drift_15m_bps,119,0.028981211837474707,1.505636214113097,-4.32718105157031,-1.146366308541728,0.25400284382543664,0.331308057163613
mom_5d,PCE,drift_30m_bps,119,5.7401543268165156e-05,0.1256246234489832,0.3338235684179913,0.04690763238434544,0.9626675069160963,0.9707571498313575
mom_5d,PCE,drift_60m_bps,119,0.008961771668818175,-0.5166294679012332,-6.250038076951662,-0.7086874147717177,0.4799402684136796,0.5416253812818954
mom_5d,ALL,ret_1m_bps,362,0.007338811083079433,0.46287788159561016,-6.549698649202417,-1.1720499463565102,0.24195421195428307,0.3214151893119628
mom_5d,ALL,ret_5m_bps,362,0.012458379841206457,0.7215804341615092,-9.288942087620754,-1.5119193907079442,0.13143411835871263,0.1996467620638673
mom_5d,ALL,ret_15m_bps,362,0.011454865911237788,0.9944507632599348,-6.2164945339268876,-0.9175703674330528,0.35945985215751497,0.4284951880023357
mom_5d,ALL,ret_30m_bps,362,0.012467338446086607,1.1015757844093985,-7.4522252760772165,-0.9739133614391944,0.33075531903311833,0.40363360966753425
mom_5d,ALL,ret_60m_bps,362,0.01920287857111158,1.455362508097835,-8.471621550408983,-1.09745963749862,0.27317606739404177,0.34750312460019445
mom_5d,ALL,drift_5m_bps,362,0.05191474765247428,0.41804236006375994,-6.982643349053823,-3.616135946556656,0.00034181860498549624,0.003125469740928393
mom_5d,ALL,drift_15m_bps,362,0.059649051590736635,0.6052905246872692,-8.577128678490098,-3.4847041926345206,0.0005536381137925258,0.0037811277952109
mom_5d,ALL,drift_30m_bps,362,0.030314450268809412,0.6583030928316603,-7.719316965557066,-2.018428282406584,0.04428987844453946,0.08347830492164506
mom_5d,ALL,drift_60m_bps,362,0.048318271839094984,1.0050543258093745,-10.303086932090986,-2.4338524589988144,0.015426166700138667,0.037271275248657185
ma50_gap,CPI,ret_1m_bps,122,0.11983529624237232,14.915834104985704,-24.001601172304053,-1.8674097542245243,0.06430481589687918,0.11292553035549514
ma50_gap,CPI,ret_5m_bps,122,0.12058612334894869,15.52185180636029,-34.40924137887229,-2.266126139419845,0.025250776361916687,0.05443281131910183
ma50_gap,CPI,ret_15m_bps,122,0.07261922612662408,13.999084170153706,-27.42799470605669,-1.5996879081591586,0.11231951438561562,0.17657216235293285
ma50_gap,CPI,ret_30m_bps,122,0.0886584309945393,16.645787718266345,-30.073622130133582,-1.7346514764511907,0.08539181915638792,0.13973206771045296
ma50_gap,CPI,ret_60m_bps,122,0.0883524781081999,17.79251723643762,-28.416439553926246,-1.6463670615664574,0.10232673905418628,0.16228029101104433
ma50_gap,CPI,drift_5m_bps,122,0.049721499362682775,2.0417765380031723,-9.201122576592793,-1.9305635730054604,0.055916159994132734,0.10014834625814817
ma50_gap,CPI,drift_15m_bps,122,0.1423688099716096,3.5351736654069152,-17.843363237669887,-3.6305485632858723,0.0004182746224185176,0.0036229684562765346
ma50_gap,CPI,drift_30m_bps,122,0.07962637201328004,3.8243756273797667,-15.739649899224261,-2.4986178998589335,0.013832203533342058,0.0353162643404478
ma50_gap,CPI,drift_60m_bps,122,0.07443830688744013,4.260417510846137,-15.369724361110281,-2.472870573093468,0.014815676281300203,0.03653180452923337
ma50_gap,NFP,ret_1m_bps,121,0.004142244006946405,0.13431557085749293,-4.43303615344006,-0.4596864731351644,0.6465870963383855,0.6927718889339844
ma50_gap,NFP,ret_5m_bps,121,0.03518112187450606,0.43485084178675626,-14.085437267863567,-1.3924447194908371,0.16640616932867866,0.23867020302121242
ma50_gap,NFP,ret_15m_bps,121,0.03133053030837396,0.7426737799618096,-5.140204420848529,-0.49614446182531885,0.6207153931627564,0.6750983128054148
ma50_gap,NFP,ret_30m_bps,121,0.03387384101306756,0.8280243702710942,-10.706700482593034,-0.964579836096756,0.3367279534034514,0.40815509503448655
ma50_gap,NFP,ret_60m_bps,121,0.05220062662982938,1.1131047862167762,-4.980945514522381,-0.4598443848311038,0.646474068566913,0.6927718889339844
ma50_gap,NFP,drift_5m_bps,121,0.18902245312525223,0.45284433988723916,-11.7840184843059,-3.776195857060795,0.0002509074408579829,0.002509074408579829
ma50_gap,NFP,drift_15m_bps,121,0.08056972026382547,0.5486490724659467,-6.351939484631283,-1.7570080719920418,0.08151019308237009,0.1352242834546232
ma50_gap,NFP,drift_30m_bps,121,0.08031005084053944,0.6682384849610409,-13.225754202284667,-2.452547779995394,0.015648026257633278,0.037555263018319865
ma50_gap,NFP,drift_60m_bps,121,0.10722484718121716,1.0244826615607845,-15.515549613987346,-2.4806583337804384,0.01452388724807438,0.03605930627108122
ma50_gap,PCE,ret_1m_bps,119,0.07846606811139234,2.943731317169928,-6.982657462932922,-1.933219461112096,0.05564620874733386,0.10014834625814817
ma50_gap,PCE,ret_5m_bps,119,0.07957041198146686,3.5820244062476827,-7.400649559836957,-1.7784203897106177,0.07795455413272159,0.13052855575711522
ma50_gap,PCE,ret_15m_bps,119,0.08401030399499632,1.2364168725815217,-14.31374649878804,-3.174332075934764,0.0019233668651420252,0.008877077839117039
ma50_gap,PCE,ret_30m_bps,119,0.06875323535075584,2.206172982402668,-15.889402772534533,-2.254010592300379,0.026073469280923547,0.05544837943235921
ma50_gap,PCE,ret_60m_bps,119,0.08123754937165673,4.309955821645022,-20.345521427865936,-2.1735521533382287,0.0317710267851426,0.06389703710978399
ma50_gap,PCE,drift_5m_bps,119,0.014514616601024155,0.4814881735342493,-2.445064310708455,-1.1359081853886448,0.2583363746997413,0.3345363125608161
ma50_gap,PCE,drift_15m_bps,119,0.0868297443374364,2.0801854452897777,-9.42374698078542,-2.6915721644899353,0.0081634351310862,0.023892980871471802
ma50_gap,PCE,drift_30m_bps,119,0.07561522732195958,0.5960250463348247,-14.933157773238657,-2.2096147908747827,0.0290956535662263,0.060197903930123385
ma50_gap,PCE,drift_60m_bps,119,0.04933132381865524,0.3490919001376235,-14.702408666090655,-1.700878942271547,0.09164501364676857,0.1479471072324515
ma50_gap,ALL,ret_1m_bps,362,0.01875504413729545,0.5456044246658096,-12.640681867552837,-2.1409519640952968,0.03295091467641991,0.06517763342588553
ma50_gap,ALL,ret_5m_bps,362,0.03488880330267918,0.8511667831803453,-19.501895861156854,-2.913067887348369,0.0038029777688880838,0.01488121735651859
ma50_gap,ALL,ret_15m_bps,362,0.02602468261199975,1.1070841861659004,-16.37856117718705,-2.2783001595698735,0.023295685034320692,0.05145059271383711
ma50_gap,ALL,ret_30m_bps,362,0.030569377027338973,1.2372810239434104,-19.721945807327465,-2.607097469780102,0.009512097187296013,0.027177420535131464
ma50_gap,ALL,ret_60m_bps,362,0.03367706994739017,1.5819858639653648,-18.86966623829966,-2.440772281052036,0.0151385805346311,0.03693162535690172
ma50_gap,ALL,drift_5m_bps,362,0.05731308605692076,0.46101444583281304,-7.668941312552184,-3.5505553609298017,0.0004355971675691666,0.0036229684562765346
ma50_gap,ALL,drift_15m_bps,362,0.08437387778650363,0.6733329527566865,-11.379464303640283,-4.702043932685662,3.678612585956006e-06,0.0001203909573585602
ma50_gap,ALL,drift_30m_bps,362,0.06925067021326103,0.7549106626094051,-14.783464074505552,-4.125945565755146,4.59307702621979e-05,0.000918615405243958
ma50_gap,ALL,drift_60m_bps,362,0.07321501821361143,1.1009935183735444,-15.49343744264516,-3.817351741989279,0.00015884276911876113,0.001844630479995575
rv_pre_60m,CPI,ret_1m_bps,122,0.1451618404507513,15.184699257493207,33.958853740974114,2.4874344143101967,0.014251976735273383,0.03587910227061831
rv_pre_60m,CPI,ret_5m_bps,122,0.12343106433746143,16.01282694278432,36.46372538929538,2.139939488489284,0.03440131450807057,0.06730691968970329
rv_pre_60m,CPI,ret_15m_bps,122,0.08989207855267545,14.318077539130273,37.44645432159042,2.0197834662153142,0.04565207995506912,0.08515413877629473
rv_pre_60m,CPI,ret_30m_bps,122,0.12048042511389478,16.94629927873174,46.76206932389356,2.60870755037079,0.010253824667921999,0.028838881878530623
rv_pre_60m,CPI,ret_60m_bps,122,0.11861017686061759,18.061835774702637,45.879960748794566,2.525469541315841,0.012869126437482776,0.034317670499954066
rv_pre_60m,CPI,drift_5m_bps,122,0.10307364076209202,2.1262711917556554,15.169522354370768,2.8998213088928946,0.0044478712703499455,0.015698369189470398
rv_pre_60m,CPI,drift_15m_bps,122,0.12564613998586094,3.8082745101341002,16.76639151735945,3.2355168381642856,0.001572498368829843,0.007862491844149215
rv_pre_60m,CPI,drift_30m_bps,122,0.12569962450045102,4.000637555429493,22.275518398896324,3.225677508629861,0.0016230072342775866,0.00789571086945853
rv_pre_60m,CPI,drift_60m_bps,122,0.11505789574796532,4.430981832424091,21.9320578746282,3.581730752164437,0.0004954683506955458,0.0036582344202570594
rv_pre_60m,NFP,ret_1m_bps,121,0.05296061280642861,0.06937434729320047,16.958494800368165,2.904375288665741,0.004394222467311329,0.01566257513101068
rv_pre_60m,NFP,ret_5m_bps,121,0.08650391771850141,0.28002844961684337,22.989760965714396,3.5987596779345026,0.0004685335771767333,0.0036582344202570594
rv_pre_60m,NFP,ret_15m_bps,121,0.0671011686653542,0.67169624683352,17.071345872412344,2.247578788553311,0.026461175780853403,0.055707738486007165
rv_pre_60m,NFP,ret_30m_bps,121,0.07721358462116501,0.7005055365016127,23.372202348418675,2.791412880283231,0.006122883234812915,0.019506530659580967
rv_pre_60m,NFP,ret_60m_bps,121,0.06133704101381754,1.054175568328072,10.63642879659551,1.2513359948785583,0.21328704189730574,0.28974843427558516
rv_pre_60m,NFP,drift_5m_bps,121,0.21736033883908512,0.33426549460508304,12.669119946745539,4.176055434129617,5.708038761900443e-05,0.0010274469771420797
rv_pre_60m,NFP,drift_15m_bps,121,0.13913137524619323,0.4762189134624358,11.933542289304302,3.2997646180813702,0.0012799078954358525,0.007088720651644721
rv_pre_60m,NFP,drift_30m_bps,121,0.15625203657121234,0.5234788460817874,21.218792766921503,4.308160299571034,3.425859036159602e-05,0.0007254760311867391
rv_pre_60m,NFP,drift_60m_bps,121,0.13006284106971377,0.8649120771850071,18.745205803883458,3.191861770732638,0.0018119366665783978,0.008582857894318726
rv_pre_60m,PCE,ret_1m_bps,119,0.11494574435477889,2.5580789411812486,9.401179892172019,2.88364376156586,0.004686691310586284,0.016361226139088334
rv_pre_60m,PCE,ret_5m_bps,119,0.15795856536673503,3.125925841097394,12.815454245650008,3.2596236239970335,0.001464350902573185,0.007752445954799214
rv_pre_60m,PCE,ret_15m_bps,119,0.14362584333786177,0.45562405886689644,18.684090434944086,3.594645541705916,0.0004781725902968424,0.0036582344202570594
rv_pre_60m,PCE,ret_30m_bps,119,0.18848789800622912,1.2410370667403654,26.664963767316102,3.62820881276066,0.00042568990584679605,0.0036229684562765346
rv_pre_60m,PCE,ret_60m_bps,119,0.18985531122210797,3.1031700681911207,32.39587544643974,3.4081696074003376,0.0008999091571431922,0.00534832048535821
rv_pre_60m,PCE,drift_5m_bps,119,0.11099812951213961,0.2827538809402373,7.126823110769427,2.8746557446970358,0.004812889876470541,0.01649525185434212
rv_pre_60m,PCE,drift_15m_bps,119,0.1666638041347761,1.5453429186713654,13.552887451118794,3.8314914533674096,0.000207253675898411,0.0022610708670730605
rv_pre_60m,PCE,drift_30m_bps,119,0.19928157555900317,-0.2955676527617796,24.129402427131637,3.6168515536927135,0.000442807255767132,0.0036229684562765346
rv_pre_60m,PCE,drift_60m_bps,119,0.1506874197549506,-0.558969682771256,25.57761331399166,2.9130948173672695,0.004294138832822739,0.015615050301173597
rv_pre_60m,ALL,ret_1m_bps,362,0.05023623936699362,0.4023666858366078,21.848973788927424,3.842267895134414,0.00014412251063462462,0.0017891070285677537
rv_pre_60m,ALL,ret_5m_bps,362,0.05743936580840858,0.6461029291206221,25.94368145285584,3.886904667538528,0.0001209223231483093,0.0015672700267458375
rv_pre_60m,ALL,ret_15m_bps,362,0.05239107115009467,0.9260014110843018,26.10999197542264,3.61188214791353,0.0003472744156587103,0.003125469740928393
rv_pre_60m,ALL,ret_30m_bps,362,0.07302407459185456,1.013655387712806,34.16020155841619,4.610872542248598,5.583798863121691e-06,0.00016751396589365073
rv_pre_60m,ALL,ret_60m_bps,362,0.06589835613281392,1.3707477601489344,31.355732874697697,4.094682504857266,5.2269699623480206e-05,0.0009903732560238355
rv_pre_60m,ALL,drift_5m_bps,362,0.11855080556254394,0.37645175801418834,12.115383439547976,5.41397650431743,1.1302476483373262e-07,6.781485890023957e-06
rv_pre_60m,ALL,drift_15m_bps,362,0.12323832277123137,0.5548421896810849,14.570071099680016,6.053191515259799,3.5770253297082423e-09,6.438645593474836e-07
rv_pre_60m,ALL,drift_30m_bps,362,0.14833298087298952,0.59228616431826,23.165920868042733,6.5803775458045255,1.6638438382821526e-10,5.989837817815749e-08
rv_pre_60m,ALL,drift_60m_bps,362,0.12496154807233495,0.9340907736508465,22.55609039503507,5.689486303804148,2.647289688425234e-08,3.176747626110281e-06
ret_pre_60m,CPI,ret_1m_bps,122,0.13752793246267636,14.7510781200701,34.91043214825221,2.3716112951864945,0.019315652538951233,0.04457458278219516
ret_pre_60m,CPI,ret_5m_bps,122,0.12203832064276987,15.497492615085422,39.87391779271763,2.283359633829224,0.024183433048294126,0.053006854311494885
ret_pre_60m,CPI,ret_15m_bps,122,0.09907988658078248,13.68098801333548,46.12930932543994,2.3357980199033306,0.02117547840511651,0.047644826411512145
ret_pre_60m,CPI,ret_30m_bps,122,0.09860049125243286,16.504265179519653,40.62443352768145,1.9429667635906678,0.05438199774283626,0.09887635953242957
ret_pre_60m,CPI,ret_60m_bps,122,0.10706914649077814,17.52563716409862,44.7812509085028,2.3256761107385127,0.021728981988361852,0.048586543576461284
ret_pre_60m,CPI,drift_5m_bps,122,0.059090275698497896,2.01045166067598,11.854055105235203,2.383442906294233,0.018733800601562076,0.04351076268749902
ret_pre_60m,CPI,drift_15m_bps,122,0.046364024761565314,3.8435777958237836,5.258004407830838,0.8040703237325968,0.4229597201877486,0.48803044637047915
ret_pre_60m,CPI,drift_30m_bps,122,0.02868119021693427,4.219645091209446,-1.2803631676637035,-0.14525185637716637,0.8847577629317843,0.9100365561584067
ret_pre_60m,CPI,drift_60m_bps,122,0.034441505976891995,4.515308176083323,5.045838911733841,0.6662648059238889,0.506531457140051,0.5645551844285398
ret_pre_60m,NFP,ret_1m_bps,121,0.0008727566048067903,0.10323518379350816,0.9615504499632578,0.1136723080929012,0.9096907412596105,0.9277299344290646
ret_pre_60m,NFP,ret_5m_bps,121,0.00882886451456022,0.3434186257576376,4.3169921025356714,0.4757984315668515,0.6350976726654047,0.6845364136513344
ret_pre_60m,NFP,ret_15m_bps,121,0.034751163248205486,0.7457003905001578,7.846948300076308,0.765676140265902,0.4453978669294375,0.5090261336336429
ret_pre_60m,NFP,ret_30m_bps,121,0.02810469389766279,0.7852998186620058,7.895618008525626,0.6791053520652142,0.4984009821254914,0.5587573277553284
ret_pre_60m,NFP,ret_60m_bps,121,0.05159206136194838,1.098846760190743,4.641353397985084,0.39638117225822594,0.6925397385381235,0.7398050619398351
ret_pre_60m,NFP,drift_5m_bps,121,0.056234616910756485,0.3640077746537669,1.4845120726579284,0.36807608345028386,0.7134759483070557,0.7576735734234221
ret_pre_60m,NFP,drift_15m_bps,121,0.0673075461967596,0.5208917547369422,4.268865575389134,0.9864050423741308,0.3259526753908327,0.3991257249683666
ret_pre_60m,NFP,drift_30m_bps,121,0.03611557369891771,0.5683785910760362,1.6395179213133901,0.2258227924763763,0.8217299197427831,0.8525151905112448
ret_pre_60m,NFP,drift_60m_bps,121,0.06416061996670919,0.9016647543470753,0.94642110308794,0.12073015994128025,0.9041101047807465,0.92729241515974
ret_pre_60m,PCE,ret_1m_bps,119,0.052317554493764185,2.542911800002892,-4.652985205911891,-1.2392096366785939,0.21776930168530098,0.29472537070191107
ret_pre_60m,PCE,ret_5m_bps,119,0.046720673446926986,3.228136745147621,-3.005106065810143,-0.6935568214241375,0.48934663080767477,0.5505149596586342
ret_pre_60m,PCE,ret_15m_bps,119,0.024505754147889136,0.47336437249953933,-7.9468588538547245,-1.3223250109372984,0.1886612923272332,0.2642726273844511
ret_pre_60m,PCE,ret_30m_bps,119,0.031520145740132066,1.2837294951113019,-10.869437466875107,-1.2717351339847651,0.2060110344754195,0.28415315100057864
ret_pre_60m,PCE,ret_60m_bps,119,0.0531157021390557,3.0356325555921218,-16.448712389002928,-1.5390237700240468,0.12652191399478308,0.19382080441754004
ret_pre_60m,PCE,drift_5m_bps,119,0.005441943576908415,0.35058487691404655,-1.3726652826107548,-0.5032122392371844,0.6157692390910119,0.6717482608265584
ret_pre_60m,PCE,drift_15m_bps,119,0.030767329297204826,1.5940022799500029,-4.792292601437192,-1.1518070562126195,0.2517687398237836,0.33079104502394924
ret_pre_60m,PCE,drift_30m_bps,119,0.05640142895571665,-0.3919610135764602,-13.503324634513126,-1.7588112533682312,0.08124654617563712,0.1352242834546232
ret_pre_60m,PCE,drift_60m_bps,119,0.06816453441575421,-0.8004268104587797,-18.09672631915305,-1.8800904979992197,0.06260413523979963,0.11047788571729346
ret_pre_60m,ALL,ret_1m_bps,362,0.015805552999939798,0.519862634993031,12.363470682027321,1.9472594810933475,0.05228301955206256,0.09554257380072348
ret_pre_60m,ALL,ret_5m_bps,362,0.021344180745045738,0.7906025496383727,15.528126357327935,2.132115933498984,0.03367564473122626,0.06624716996306805
ret_pre_60m,ALL,ret_15m_bps,362,0.024707417472947135,1.0798323679838218,17.05715808022857,2.107791409409963,0.03574184024155155,0.0695516891186949
ret_pre_60m,ALL,ret_30m_bps,362,0.019237831314665166,1.1696521450023243,14.618040941775945,1.6617976439392659,0.09742626590074609,0.15588202544119373
ret_pre_60m,ALL,ret_60m_bps,362,0.022254417696788265,1.5089262405927373,12.565631933049847,1.4164691840051984,0.15750528453391066,0.22863670335567676
ret_pre_60m,ALL,drift_5m_bps,362,0.02771044090164343,0.42711981649484276,4.39222097134095,1.8495804448779474,0.06519577038630539,0.11393435601490262
ret_pre_60m,ALL,drift_15m_bps,362,0.02484028968561558,0.59626001309855,1.962923768598243,0.6755246359346622,0.49977738760337703,0.5587573277553284
ret_pre_60m,ALL,drift_30m_bps,362,0.017852574512887576,0.6172921579565581,-3.8260819705178974,-0.8463154080826315,0.3979405820162094,0.4681653906073052
ret_pre_60m,ALL,drift_60m_bps,362,0.029523330227902544,0.9565328265614405,-4.04947039442728,-0.8125734028424056,0.417001195338686,0.48425945265137726
