state,family,target,n,r2,b_x,c_state,t_state,d_interact,se_interact,t_interact,p_interact,p_perm,q_bh,primary_state,q_bh_primary
rv_20d,CPI,ret_1m_bps,122,0.4096900974050205,30.770209040303705,-7.792292567352777,-0.6677430128675623,48.01776241234964,13.174852397350868,3.6446527797157566,0.0003994351479293747,,0.07189832662728744,True,
rv_20d,CPI,ret_5m_bps,122,0.42271696578421003,34.88080295356988,-14.823945333445996,-1.0529144972212332,61.067199517069554,16.009337223968245,3.814473932477561,0.00021869579932902108,0.0004997501249375312,0.07189832662728744,True,0.010497398367793013
rv_20d,CPI,ret_15m_bps,122,0.3478638146123766,34.91614571012544,-18.270263926954243,-1.0557420120432535,60.669316232882515,20.66657020682213,2.9356257775591277,0.004002303794770061,,0.14692101202726113,True,
rv_20d,CPI,ret_30m_bps,122,0.4012100361339652,39.78503309133057,-23.991278576042582,-1.3650332465114872,69.47531568949432,20.075274192142523,3.4607405619738443,0.0007507078850180854,,0.09008494620217024,True,
rv_20d,CPI,ret_60m_bps,122,0.35241298998456716,38.504399489052524,-14.746775368490384,-0.7777762706582655,66.41505447140477,22.67406178894342,2.929120291265627,0.004081139222979476,,0.14692101202726113,True,
rv_20d,CPI,drift_5m_bps,122,0.09766314929546027,4.110593913264824,-7.031652766087428,-1.0595876317146593,13.049437104720088,6.104188399574882,2.137784132879794,0.0345972459161285,,0.3277633823633226,True,
rv_20d,CPI,drift_15m_bps,122,0.07975182027732675,4.145936669819774,-10.477971359597243,-1.1812542401744108,12.651553820531602,10.610151920382176,1.192400817204877,0.2354964760197635,,0.8151961800376163,True,
rv_20d,CPI,drift_30m_bps,122,0.16884417104076477,9.01482405102698,-16.19898600868871,-1.6543956976623986,21.457553277145436,10.784083885241257,1.9897428011026081,0.048931863074070034,0.063968015992004,0.41941596920631463,True,0.3355327753650516
rv_20d,CPI,drift_60m_bps,122,0.09787496699214038,7.734190448747744,-6.954482801131186,-0.6177396004377833,18.397292059054916,13.536437458779615,1.3590940832901786,0.17670871844291833,,0.7573230790410785,True,
rv_20d,NFP,ret_1m_bps,121,0.018281777085457418,0.51878581396385,2.23219375270961,0.24008333330678003,0.835830910575733,10.553915763143733,0.07919628404602322,0.9370117950820961,,0.982169979132021,True,
rv_20d,NFP,ret_5m_bps,121,0.03221249560762107,2.2452648437262543,-1.5821571147838467,-0.1450729931738814,-9.321624869683486,10.160875373983904,-0.9174037203084637,0.36081835559992964,0.10794602698650675,0.982169979132021,True,0.7530122203824618
rv_20d,NFP,ret_15m_bps,121,0.057290497279158914,2.649895344519452,-7.692323284222418,-0.7090762447512334,-9.015991106953694,11.340579414957038,-0.7950203227766779,0.42821150337584235,,0.982169979132021,True,
rv_20d,NFP,ret_30m_bps,121,0.05262136484665003,3.0975990785757133,-6.045296168551771,-0.4913491383928977,-11.331887492864553,11.75594235940952,-0.963928466678339,0.3370698792379938,,0.981478384223506,True,
rv_20d,NFP,ret_60m_bps,121,0.07896940224084092,3.448315974552417,-7.052115567218982,-0.6235709671280324,-11.228016195431492,7.532618553975047,-1.490586057820005,0.13876128138493424,,0.7154449978755718,True,
rv_20d,NFP,drift_5m_bps,121,0.123968433491632,1.7264790297625356,-3.8143508675037445,-0.8344988298982207,-10.157455780259987,6.01551595186245,-1.6885427387346816,0.09397071494219489,,0.5832665065377614,True,
rv_20d,NFP,drift_15m_bps,121,0.11008479681740846,2.1311095305560723,-9.924517036936043,-1.7733011519732265,-9.851822017531207,3.3050149690774346,-2.9808706192581194,0.003497145180760363,,0.14692101202726113,True,
rv_20d,NFP,drift_30m_bps,121,0.0765796236194044,2.5788132646114685,-8.277489921268794,-1.0140405651470474,-12.167718403439721,4.07289341503118,-2.9874875582391276,0.0034276365307966444,0.01649175412293853,0.14692101202726113,True,0.08226327673911947
rv_20d,NFP,drift_60m_bps,121,0.08243645436474156,2.9295301605884627,-9.284309319933625,-1.0117666825560272,-12.063847106007728,4.070093920431806,-2.9640217994595672,0.003680043014365422,,0.14692101202726113,True,
rv_20d,PCE,ret_1m_bps,119,0.19375321366838716,5.031683531305723,7.004042497690039,2.2655707169016828,7.23410834122649,6.023611315634721,1.200958687764238,0.23223496779433167,,0.8151961800376163,True,
rv_20d,PCE,ret_5m_bps,119,0.14383764640372854,5.242881169377654,5.570666806632172,1.3094928047776593,9.842414324224084,6.424816623974342,1.5319370030728818,0.12828435175326294,0.11744127936031984,0.6947238366122157,True,0.44991638942505396
rv_20d,PCE,ret_15m_bps,119,0.06305483196196882,4.7888517928745795,5.613251510326092,0.8727398873796613,4.837289429959823,6.744716036014184,0.7171968996367766,0.4747068182983382,,0.982169979132021,True,
rv_20d,PCE,ret_30m_bps,119,0.031494098764895395,3.326588751260429,-5.7784690295831425,-0.5363249669415862,-2.396278058541745,12.303977723564953,-0.19475637166932772,0.8459273277111332,,0.982169979132021,True,
rv_20d,PCE,ret_60m_bps,119,0.0328818116387819,4.800299215497119,-3.114142707619173,-0.23238328479904186,-2.5091343226287495,18.59064495193863,-0.13496757800041237,0.8928734548052302,,0.982169979132021,True,
rv_20d,PCE,drift_5m_bps,119,0.011081310364337793,0.21119763807389358,-1.433375691062465,-0.5210000305031566,2.6083059829963116,3.214058728846942,0.8115302808832162,0.41873772618005606,,0.982169979132021,True,
rv_20d,PCE,drift_15m_bps,119,0.002927169842854349,-0.24283173843077524,-1.390790987369769,-0.27830444704601137,-2.3968189112706875,6.697864011596802,-0.3578482494002255,0.7211128396491693,,0.982169979132021,True,
rv_20d,PCE,drift_30m_bps,119,0.052750861377569014,-1.705094780044586,-12.782511527273064,-1.340662502898313,-9.63038639976489,10.930120844575775,-0.88108690989854,0.38010852297322284,0.4012993503248376,0.982169979132021,True,0.7602170459464457
rv_20d,PCE,drift_60m_bps,119,0.02803824612015371,-0.23138431580872548,-10.118185205310754,-0.8348532552868381,-9.74324266385842,15.83353736044188,-0.6153547651455762,0.5395363120574509,,0.982169979132021,True,
rv_20d,ALL,ret_1m_bps,362,0.24769045653629884,,-1.309520117693635,-0.25962389668566344,16.538941725307104,6.650570428882381,2.4868455874824034,0.013348247011969367,,0.18482188170419123,True,
rv_20d,ALL,ret_5m_bps,362,0.2214238649031275,,-6.2624907716240745,-1.0048592130085772,15.936981159581656,11.938640936927632,1.3349074860176657,0.18276448338860082,0.04697651174412794,0.765060628138329,True,0.5160408942736964
rv_20d,ALL,ret_15m_bps,362,0.19168979325992408,,-9.496736077918001,-1.3785594163018642,15.011584947370874,11.06394890004196,1.3568017245012711,0.17570877330230156,,0.7573230790410785,True,
rv_20d,ALL,ret_30m_bps,362,0.2021090611033456,,-14.954657500108972,-1.8957940788611418,15.082088681937305,12.365498242983747,1.2196911426917203,0.22339396351147486,,0.8111708429311613,True,
rv_20d,ALL,ret_60m_bps,362,0.18529876513788934,,-11.33174459545343,-1.37139884909404,13.985029267453065,12.19034066198325,1.147222186420657,0.25206456089759627,,0.8560683200295722,True,
rv_20d,ALL,drift_5m_bps,362,0.027601764028445386,,-4.952970653933726,-1.706144030874667,-0.6019605657263674,6.382386415940175,-0.09431590732628713,0.924911574715892,,0.982169979132021,True,
rv_20d,ALL,drift_15m_bps,362,0.03865393699842634,,-8.187215960226348,-2.251434524940197,-1.5273567779385215,5.344754491402535,-0.28576743429382906,0.7752233938294153,,0.982169979132021,True,
rv_20d,ALL,drift_30m_bps,362,0.06328178317527322,,-13.645137382417547,-2.6247108486600856,-1.4568530433687537,6.786282350269923,-0.2146761611400987,0.8301434221338082,0.7881059470264867,0.982169979132021,True,0.9686328392887096
rv_20d,ALL,drift_60m_bps,362,0.05139189325093707,,-10.02222447776002,-1.659959541018746,-2.5539124578552217,7.170103764238404,-0.35618905134861656,0.7219111742419637,,0.982169979132021,True,
rv_pre_1d,CPI,ret_1m_bps,122,0.30044629836356507,24.339049878688805,-9.539925589846467,-0.8746126793907052,12.368068026140458,19.232230334531792,0.6430906770044962,0.5214129950688607,,0.982169979132021,True,
rv_pre_1d,CPI,ret_5m_bps,122,0.29147901446519997,26.57550622627277,-26.014022702543116,-2.13010937773451,11.835545131143343,25.23556785044773,0.4690025285455725,0.6399331895598857,0.6216891554222889,0.982169979132021,True,0.9686328392887096
rv_pre_1d,CPI,ret_15m_bps,122,0.2358745434395596,26.61109084951181,-28.58747529760568,-1.9762777796304765,4.338431478116078,28.853276340050222,0.1503618315987933,0.8807358749822983,,0.982169979132021,True,
rv_pre_1d,CPI,ret_30m_bps,122,0.26578605208153594,30.215605940966753,-29.62560273450324,-1.9290289732146602,8.693619686194278,30.442896665402383,0.2855713692998987,0.7757071106118342,,0.982169979132021,True,
rv_pre_1d,CPI,ret_60m_bps,122,0.2326485341969995,29.552351673171408,-16.812957647094507,-1.072222185359197,7.026674774600294,29.283047513518202,0.23995708682153064,0.8107798724828026,,0.982169979132021,True,
rv_pre_1d,CPI,drift_5m_bps,122,0.08300568059812063,2.236456347582717,-16.47409711269353,-2.70617359832205,-0.5325228949977775,7.19733760922152,-0.07398887254024149,0.9411445188797621,,0.982169979132021,True,
rv_pre_1d,CPI,drift_15m_bps,122,0.0798615968152615,2.2720409708212967,-19.04754970775564,-2.4821752889230915,-8.029636548025541,11.007239412752105,-0.7294868628661831,0.46714946969290366,,0.982169979132021,True,
rv_pre_1d,CPI,drift_30m_bps,122,0.09580296834935298,5.876556062277986,-20.08567714465528,-2.062778879475001,-3.6744483399448935,13.133824946679862,-0.2797698579707177,0.7801438996042689,0.791104447776112,0.982169979132021,True,0.9686328392887096
rv_pre_1d,CPI,drift_60m_bps,122,0.046419358210534445,5.213301794481706,-7.273032057238541,-0.7293080895399974,-5.3413932515418905,12.155234090646834,-0.43943154131864615,0.6611525689880878,,0.982169979132021,True,
rv_pre_1d,NFP,ret_1m_bps,121,0.0225520086086769,1.6018854149681803,2.642811865911957,0.3320543332659818,-5.520909987578059,7.700138911288073,-0.7169883623118333,0.4748101833138443,,0.982169979132021,True,
rv_pre_1d,NFP,ret_5m_bps,121,0.039912246501466075,3.363636823452423,1.0616332236995027,0.10905879250023802,-15.157697842465508,8.682396291092463,-1.7457965905122594,0.0834712957588152,0.04897551224387806,0.5564753050587681,True,0.400662219642313
rv_pre_1d,NFP,ret_15m_bps,121,0.06125419307091118,3.701827716523278,2.9098298494448165,0.3163882434184983,-14.652744438595821,6.594538769575431,-2.2219513677283595,0.028209907505899995,,0.2901590486321142,True,
rv_pre_1d,NFP,ret_30m_bps,121,0.057522590670070484,4.300175457000793,2.0651938676053825,0.1996231355182208,-17.61628689331236,7.159766563005077,-2.460455482492505,0.0153368103715086,,0.1971875619193963,True,
rv_pre_1d,NFP,ret_60m_bps,121,0.07747586894046954,4.26049019094639,0.417941006777307,0.04202788985699551,-15.24518002675949,5.339330114694305,-2.8552608097415475,0.005088807834068038,,0.15266423502204113,True,
rv_pre_1d,NFP,drift_5m_bps,121,0.06167312298697014,1.7617514084837476,-1.581178642214158,-0.33050954770874275,-9.6367878548847,10.454711901776612,-0.921765032401044,0.3585479763528354,,0.982169979132021,True,
rv_pre_1d,NFP,drift_15m_bps,121,0.05735164754963984,2.0999423015551493,0.2670179835350869,0.046037709176467455,-9.131834451017097,6.537935917262117,-1.3967457874443687,0.1651338538616839,,0.7385762398409831,True,
rv_pre_1d,NFP,drift_30m_bps,121,0.04762225488766347,2.6982900420317097,-0.5776179983085056,-0.07251796423693531,-12.09537690573095,7.957834792247446,-1.5199331503481717,0.13122561358230742,0.14942528735632185,0.6947238366122157,True,0.44991638942505396
rv_pre_1d,NFP,drift_60m_bps,121,0.052931887751656026,2.6586047759776865,-2.2248708591348727,-0.24241338574328408,-9.724270039179565,6.979461149439779,-1.3932694560467758,0.16617965396422119,,0.7385762398409831,True,
rv_pre_1d,PCE,ret_1m_bps,119,0.21770632488343755,4.692801484954928,10.258497516048442,2.8061640215795585,6.340149451128756,5.70491718146805,1.1113482018151297,0.2687365823346534,,0.8795015421861384,True,
rv_pre_1d,PCE,ret_5m_bps,119,0.14751726975702728,4.73641285812169,9.5718982069108,1.8855976271149422,6.77123112610058,5.980830926975255,1.1321555831916925,0.25992418196293304,0.2773613193403298,0.8745112664173448,True,0.6238180367110393
rv_pre_1d,PCE,ret_15m_bps,119,0.07955619494565458,4.81680078453781,11.286267821290783,1.5875253900281652,1.7767695827538037,6.461640649700368,0.27497189631493885,0.7838312328730588,,0.982169979132021,True,
rv_pre_1d,PCE,ret_30m_bps,119,0.027065938818648494,3.822941240841496,0.6758682833241372,0.06042136899324541,-3.153931402659401,10.705768074138755,-0.2946011328489502,0.7688297335060171,,0.982169979132021,True,
rv_pre_1d,PCE,ret_60m_bps,119,0.03194137038369005,5.2406168164657485,2.5615179186858157,0.17155285816814675,-0.09082019711256674,16.217025156142117,-0.005600299453082432,0.995541334263235,,0.9967363025849126,True,
rv_pre_1d,PCE,drift_5m_bps,119,0.0009218824042220852,0.04361137316856994,-0.6865993091460487,-0.22493610188981952,0.43108167497002753,2.5521060254217045,0.16891213400853772,0.8661624962049674,,0.982169979132021,True,
rv_pre_1d,PCE,drift_15m_bps,119,0.009573262620960032,0.12399929958323483,1.027770305231139,0.19611643514272475,-4.563379868379547,6.358493214560863,-0.7176825883732123,0.4744083737523932,,0.982169979132021,True,
rv_pre_1d,PCE,drift_30m_bps,119,0.0365425797027048,-0.869860244113167,-9.58262923272898,-0.9897517017874775,-9.494080853790566,9.242497478861964,-1.0272202806118136,0.3064725255348162,0.3258370814592704,0.9593922538481202,True,0.6870608276266477
rv_pre_1d,PCE,drift_60m_bps,119,0.014589859574720254,0.5478153315108175,-7.696979597367365,-0.578994650960984,-6.430969648246304,13.387200239553676,-0.4803819718215188,0.631868359117909,,0.982169979132021,True,
rv_pre_1d,ALL,ret_1m_bps,362,0.21770472892183923,,0.5824005492199177,0.11922424692918376,4.597239296522654,7.047281087897639,0.6523422635174202,0.514603758001477,,0.982169979132021,True,
rv_pre_1d,ALL,ret_5m_bps,362,0.19780101557549346,,-5.900962139955991,-1.0164416058558186,1.323448889177525,9.945125287022258,0.133075134900969,0.8942095726313339,0.8340829585207397,0.982169979132021,True,0.9686328392887096
rv_pre_1d,ALL,ret_15m_bps,362,0.17107277292603595,,-5.517508970076539,-0.8466442807303979,-2.5273168658226464,10.375678876302276,-0.24358086790782998,0.8076965408991699,,0.982169979132021,True,
rv_pre_1d,ALL,ret_30m_bps,362,0.1810610404324844,,-9.603177613624847,-1.2961449859517546,-3.4541458629767283,11.111302093460228,-0.31086778434453083,0.7560841001607912,,0.982169979132021,True,
rv_pre_1d,ALL,ret_60m_bps,362,0.16899790182190744,,-5.107652382205041,-0.6501664662280556,-2.5999789389524053,11.029310612964782,-0.23573358573256345,0.8137757261439444,,0.982169979132021,True,
rv_pre_1d,ALL,drift_5m_bps,362,0.03789430254465265,,-6.483362689178,-2.2925179800764006,-3.2737904073450466,4.70556685957513,-0.6957271047341234,0.4870562271566283,,0.982169979132021,True,
rv_pre_1d,ALL,drift_15m_bps,362,0.043208115913935585,,-6.099909519297925,-1.6372841310230013,-7.124556162346927,4.683177312466387,-1.5213082245213545,0.12907520618157364,,0.6947238366122157,True,
rv_pre_1d,ALL,drift_30m_bps,362,0.059097688028209694,,-10.185578162846392,-1.9387095457761576,-8.051385159498448,5.726995734428199,-1.4058654018366095,0.16064118735039287,0.21539230384807595,0.7385762398409831,True,0.49375064830305504
rv_pre_1d,ALL,drift_60m_bps,362,0.048871528358023775,,-5.690052931423245,-0.934148439848989,-7.197218235476605,5.958073947063018,-1.2079773261331226,0.22786235980364855,,0.8121826686070641,True,
mom_20d,CPI,ret_1m_bps,122,0.3091601379365416,23.582494637433996,21.562673021494057,1.5586780903913298,-7.782546437671218,27.88204738324824,-0.2791239226695754,0.7806383398011997,,0.982169979132021,True,
mom_20d,CPI,ret_5m_bps,122,0.2991423126874547,25.563052652323204,34.027239157118274,2.064715734519603,-7.460591952833906,36.974609458798994,-0.2017760853200433,0.8404392178444803,0.8210894552723638,0.982169979132021,True,0.9686328392887096
mom_20d,CPI,ret_15m_bps,122,0.24790987507131823,25.716037350492588,39.36881340017404,2.0974280798866074,0.2018911331344603,41.22427181375922,0.004897385065927983,0.9961007376273342,,0.9967363025849126,True,
mom_20d,CPI,ret_30m_bps,122,0.26839461515639995,29.399111332515915,35.950957670633315,1.859547105021416,-0.5187191332297977,43.11970270128342,-0.012029747441054561,0.9904221969302179,,0.9967363025849126,True,
mom_20d,CPI,ret_60m_bps,122,0.235434215728606,29.087277646764345,24.540547979758745,1.1932572401044506,2.5084754049992193,39.4684878808185,0.06355641018155972,0.9494309798276203,,0.982169979132021,True,
mom_20d,CPI,drift_5m_bps,122,0.05219990533380947,1.9805580148876718,12.464566135629228,2.100795859057053,0.32195448483302536,10.128978297886247,0.03178548471174156,0.9746968230900465,,0.9967363025849126,True,
mom_20d,CPI,drift_15m_bps,122,0.06702276748797786,2.1335427130568556,17.806140378682468,2.144435590024096,7.9844375708070805,14.246198307633692,0.5604609312878015,0.5762276581296306,,0.982169979132021,True,
mom_20d,CPI,drift_30m_bps,122,0.07655980558786812,5.816616695081785,14.388284649142534,1.5207425849312879,7.26382730443887,16.292907585605146,0.44582756431126463,0.6565387481206371,0.7011494252873564,0.982169979132021,True,0.9686328392887096
mom_20d,CPI,drift_60m_bps,122,0.0528228671121439,5.504783009329587,2.977874958258991,0.28537251511070943,10.291021842671094,13.208383127718676,0.7791280539913092,0.43746403686307167,,0.982169979132021,True,
mom_20d,NFP,ret_1m_bps,121,0.021940360569614792,1.399238627093301,-5.133827500921714,-0.4451989123071628,-1.7008384114102417,8.270916000821332,-0.20564087596118039,0.8374288213750971,,0.982169979132021,True,
mom_20d,NFP,ret_5m_bps,121,0.021916533830575124,-0.34183845864103213,-1.3462338278203514,-0.1007630541953163,2.7391624109489396,15.339875452792976,0.17856484033253428,0.8585882330851916,0.495752123938031,0.982169979132021,True,0.9686328392887096
mom_20d,NFP,ret_15m_bps,121,0.042182459206546286,0.4519095555308686,0.31382113775880544,0.024841958856759265,1.8074387251695356,12.688472917920517,0.14244730133102199,0.8869717161171197,,0.982169979132021,True,
mom_20d,NFP,ret_30m_bps,121,0.038819291824648716,0.11291104075862295,-0.7806391924791649,-0.05537436508727433,2.8781151276412187,13.799062370172377,0.2085732385602128,0.8351440773037486,,0.982169979132021,True,
mom_20d,NFP,ret_60m_bps,121,0.06198186472066347,0.9836600170852134,-1.8925435541246927,-0.14104403324624393,1.656016701906419,9.134286734683242,0.18129677226120558,0.8564483375791005,,0.982169979132021,True,
mom_20d,NFP,drift_5m_bps,121,0.08174437540941559,-1.7410770857338385,3.787593673100432,0.7423288148428765,4.440000822357915,8.51270634233839,0.521573356791992,0.6029533508290524,,0.982169979132021,True,
mom_20d,NFP,drift_15m_bps,121,0.05922498074489346,-0.9473290715623429,5.447648638674522,0.9411129525689417,3.5082771365801193,5.815204664140238,0.6032938373113663,0.5474809899275849,,0.982169979132021,True,
mom_20d,NFP,drift_30m_bps,121,0.04547461375960005,-1.2863275863345152,4.353188308436612,0.4961015345424033,4.578953539050376,6.926610592224536,0.6610669790200822,0.5098690066492764,0.4177911044477761,0.982169979132021,True,0.9064337895987136
mom_20d,NFP,drift_60m_bps,121,0.04980387377177731,-0.4155786100079054,3.2412839467897427,0.3229921357227128,3.356855113315878,4.718416388042616,0.7114368121098428,0.4782296270889449,,0.982169979132021,True,
mom_20d,PCE,ret_1m_bps,119,0.209623566269315,4.406856485371935,-3.992275273415451,-1.1682209010576277,-9.377003167568956,5.812731816375776,-1.6131835191762716,0.10944549453086114,,0.6459078365755739,True,
mom_20d,PCE,ret_5m_bps,119,0.13084825316847948,4.490610947544088,-4.287846409507767,-0.8862665808090947,-7.7299556352535115,6.218725171053851,-1.2430129041936036,0.21639141589165004,0.239880059970015,0.8111708429311613,True,0.5770437757110668
mom_20d,PCE,ret_15m_bps,119,0.08300886362759174,4.493488851484967,-11.127452101171356,-1.82928114997782,-3.9468686233891375,4.626575082279309,-0.8530864739462285,0.39538467319740195,,0.982169979132021,True,
mom_20d,PCE,ret_30m_bps,119,0.030875947469827136,3.8008475302031273,-4.62240598647632,-0.4567693233435966,2.6405577381864465,9.364741442867608,0.28196803449363284,0.7784748203673003,,0.982169979132021,True,
mom_20d,PCE,ret_60m_bps,119,0.03531603721191778,5.162867803888835,-1.1482920135549184,-0.0849405507963122,-5.474508063345232,14.430537856049876,-0.3793696477536416,0.7051129926447547,,0.982169979132021,True,
mom_20d,PCE,drift_5m_bps,119,0.004738432148268301,0.08375446217438146,-0.295571136092594,-0.10329260129961683,1.6470475323171523,2.573036023671993,0.640118333814325,0.5233689770073734,,0.982169979132021,True,
mom_20d,PCE,drift_15m_bps,119,0.043119791591739065,0.08663236611375115,-7.135176827748399,-1.4572874172891852,5.430134544179994,6.076195887085219,0.8936733846454145,0.37336309897657816,,0.982169979132021,True,
mom_20d,PCE,drift_30m_bps,119,0.04156725006739448,-0.6060089551681673,-0.6301307130676911,-0.0687909484580665,12.017560905752093,7.873134298486689,1.5264011066167147,0.12965567240558837,0.12343828085957022,0.6947238366122157,True,0.44991638942505396
mom_20d,PCE,drift_60m_bps,119,0.004784211148397555,0.7560113185170132,2.8439832598623562,0.23116472439368801,3.902495104224628,11.385219223615024,0.3427685517139749,0.7323983224704954,,0.982169979132021,True,
mom_20d,ALL,ret_1m_bps,362,0.2209145013918229,,4.642839030714852,0.7751457463766035,-3.4871099069388958,6.735348115520523,-0.5177326913368314,0.6049681700059976,,0.982169979132021,True,
mom_20d,ALL,ret_5m_bps,362,0.2011564782372357,,10.169615209707144,1.4214247710981136,0.049415270763466454,11.125096376232348,0.004441783611784004,0.9964584830715425,0.993503248375812,0.9967363025849126,True,0.9964584830715425
mom_20d,ALL,ret_15m_bps,362,0.17337810095909334,,9.462079442726981,1.2279894322857285,0.7344930577792691,8.243088306757462,0.0891041112803743,0.9290495584264977,,0.982169979132021,True,
mom_20d,ALL,ret_30m_bps,362,0.18146004190388743,,10.179236534057639,1.2040858997796264,2.256722051001056,8.30181484304948,0.27183478476281,0.7859075230884945,,0.982169979132021,True,
mom_20d,ALL,ret_60m_bps,362,0.1697108130447491,,7.27594154512459,0.8091209288232495,0.8228789383539524,6.976971395176749,0.11794214018461033,0.9061803944673105,,0.982169979132021,True,
mom_20d,ALL,drift_5m_bps,362,0.04490813633827795,,5.526776178993612,2.0696869335573944,3.536525177701035,5.18952453176599,0.6814738336919585,0.49601728682373797,,0.982169979132021,True,
mom_20d,ALL,drift_15m_bps,362,0.040399497223406855,,4.81924041201361,1.3187291499698781,4.221602964718628,2.409372347239318,1.7521588016712244,0.08061231989749172,,0.5564753050587681,True,
mom_20d,ALL,drift_30m_bps,362,0.05501866744186912,,5.536397503339722,1.0829008434033152,5.743831957938377,2.5584617430191448,2.24503335788023,0.025382844850378405,0.05347326336831584,0.28555700456675703,True,0.24367531056363267
mom_20d,ALL,drift_60m_bps,362,0.0468235626388116,,2.633102514406041,0.43812788497032196,4.309988845292471,3.2607464293912054,1.3217798251479382,0.18709499846473052,,0.7741862005437126,True,
dd_60d,CPI,ret_1m_bps,122,0.3464848564763583,22.884912003413252,7.848368486201554,0.5945925719518776,-33.15158502293758,19.40317245336873,-1.708565189667316,0.09016064874918539,,0.5832665065377614,True,
dd_60d,CPI,ret_5m_bps,122,0.3475022211109323,24.485935136170074,19.225655487478544,1.2605435667459866,-41.8403292261076,25.259926278820775,-1.6563915810470393,0.10029937140683459,0.11744127936031984,0.6119961645162789,True,0.4376699843207328
dd_60d,CPI,ret_15m_bps,122,0.2706930370519264,24.64797150542701,25.39510607564956,1.3922617396695784,-33.25225923479114,28.605942655823235,-1.1624248721627801,0.24740852028273738,,0.8482577838265282,True,
dd_60d,CPI,ret_30m_bps,122,0.3042209280919853,28.04995662727403,26.163040677875728,1.4082378688024646,-38.30814853577329,29.876327977263912,-1.2822241262355285,0.20227737344567276,,0.8091094937826911,True,
dd_60d,CPI,ret_60m_bps,122,0.2734576569826347,27.660493345703152,13.36375582727649,0.668564267654666,-40.27523461365604,29.99629729338088,-1.342673537995083,0.18195489452664237,,0.765060628138329,True,
dd_60d,CPI,drift_5m_bps,122,0.08323231164907974,1.601023132755643,11.377287001275953,1.6456114107206958,-8.688744203169028,8.260052327639077,-1.0518994140140614,0.294995060480608,,0.9398072723276006,True,
dd_60d,CPI,drift_15m_bps,122,0.06495535938232422,1.7630595020122162,17.546737589447797,2.0507939890257916,-0.10067421184903502,10.72638037875266,-0.009385664902249359,0.9925272823810513,,0.9967363025849126,True,
dd_60d,CPI,drift_30m_bps,122,0.09711351042074123,5.165044623860768,18.31467219167756,1.8119562953373942,-5.15656351283431,12.477602839208922,-0.4132655590407649,0.6801621019177011,0.7091454272863568,0.982169979132021,True,0.9686328392887096
dd_60d,CPI,drift_60m_bps,122,0.05019575808021426,4.775581342289258,5.515387341067226,0.4960000708463586,-7.123649590717301,12.979306989443263,-0.548846683148132,0.5841477013555608,,0.982169979132021,True,
dd_60d,NFP,ret_1m_bps,121,0.023229970070774875,1.0184138692793088,-2.0678956930418995,-0.19355541136170434,-2.322167514717233,16.1084545697445,-0.14415830548256411,0.885623479505897,,0.982169979132021,True,
dd_60d,NFP,ret_5m_bps,121,0.021612299443146576,0.38674189710520473,0.6925246439058351,0.05621167805419595,2.437406019406338,17.05020598667019,0.1429546376924652,0.8865719106024886,0.5702148925537232,0.982169979132021,True,0.9686328392887096
dd_60d,NFP,ret_15m_bps,121,0.04208939643035048,0.9508373034394015,0.9288684751379134,0.07605862706558825,1.5547813812919946,18.065906228376246,0.08606163242726726,0.9315645287604323,,0.982169979132021,True,
dd_60d,NFP,ret_30m_bps,121,0.038993490456399216,0.8670181399688456,-0.6944402249524172,-0.05215242663441545,2.698073113060204,20.832880779792816,0.12951032272393373,0.8971762425703657,,0.982169979132021,True,
dd_60d,NFP,ret_60m_bps,121,0.0656736293030159,1.1837097472787004,-2.5738383530697195,-0.2074106402516692,3.0358182794357065,14.582310895741449,0.20818499215527445,0.8354464981833887,,0.982169979132021,True,
dd_60d,NFP,drift_5m_bps,121,0.11325618510233582,-0.6316719721741485,2.7604203369515328,0.5654546312293253,4.75957353412361,2.562007823476729,1.8577513661393554,0.06571845260867831,,0.5165696849942987,True,
dd_60d,NFP,drift_15m_bps,121,0.06877936343796165,-0.0675765658398263,2.996764168180088,0.4874331718508414,3.8769488960098264,2.4628525863067443,1.574170097538659,0.1181484084176386,,0.6645847973492172,True,
dd_60d,NFP,drift_30m_bps,121,0.05493079573643245,-0.1513957293107439,1.3734554680944426,0.1559723675579859,5.020240627777016,4.973872380066895,1.009322363777556,0.31490287932888017,0.2673663168415792,0.9603452294880913,True,0.6870608276266477
dd_60d,NFP,drift_60m_bps,121,0.06818271648361307,0.16529587799919915,-0.5059426600259032,-0.05113383266875001,5.357985794152836,2.4331645242384936,2.2020647353592837,0.029621868562880006,,0.29621868562880005,True,
dd_60d,PCE,ret_1m_bps,119,0.24540996978658003,4.619886250888347,-9.502147812761192,-2.8046556694767815,-10.388713526930998,7.031689615342429,-1.4774135513979294,0.14229824957970982,,0.721512251390078,True,
dd_60d,PCE,ret_5m_bps,119,0.15087371563399776,4.6785666101007,-8.610288934925093,-1.6657208416849962,-8.773254041011583,7.356727653286857,-1.1925484338259889,0.23550111867753357,0.24437781109445278,0.8151961800376163,True,0.5949501945537691
dd_60d,PCE,ret_15m_bps,119,0.07643208907658228,4.648646093192601,-10.005420258673094,-1.410106156417068,-4.676130850521047,5.451855626070028,-0.8577136247263095,0.39283463346981085,,0.982169979132021,True,
dd_60d,PCE,ret_30m_bps,119,0.02639578081971994,3.7816581193796766,-1.070698096369015,-0.09083179477670592,2.1180790332442117,11.050042441095998,0.1916806242632069,0.8483304199782865,,0.982169979132021,True,
dd_60d,PCE,ret_60m_bps,119,0.031825821990769665,5.184936364971276,-2.105582073672401,-0.13452917868076517,-1.161446585472176,18.238623782912388,-0.06368060437544228,0.9493351062349856,,0.982169979132021,True,
dd_60d,PCE,drift_5m_bps,119,0.003993478065819178,0.058680359214417964,0.8918588778404174,0.27023038459817716,1.615459485922977,3.159039148934376,0.511376849023195,0.6100676685789848,,0.982169979132021,True,
dd_60d,PCE,drift_15m_bps,119,0.015274104081022366,0.02875984230476058,-0.5032724459033182,-0.0948780009746308,5.712582676410977,7.235295522592355,0.7895437938330678,0.4314191337410171,,0.982169979132021,True,
dd_60d,PCE,drift_30m_bps,119,0.04498356603446019,-0.838228131508098,8.431449716389851,0.8278040317539443,12.506792560173606,8.941501502006869,1.3987351629216334,0.1645835494343517,0.1679160419790105,0.7385762398409831,True,0.49375064830305504
dd_60d,PCE,drift_60m_bps,119,0.019401716196891683,0.5650501140830922,7.396565739089259,0.5308269792719501,9.227266941463208,13.78380770927708,0.6694280082892387,0.504564287613138,,0.982169979132021,True,
dd_60d,ALL,ret_1m_bps,362,0.22867337885871453,,1.1811072748934652,0.1883870770598695,-6.5253855771802325,5.882994032847861,-1.1091946618924922,0.268099165674577,,0.8795015421861384,True,
dd_60d,ALL,ret_5m_bps,362,0.20172776010780324,,7.274367849362561,0.9621013512388792,-3.6175219288814784,10.675875466763634,-0.338850143029827,0.7349235284500859,0.47276361819090457,0.982169979132021,True,0.9686328392887096
dd_60d,ALL,ret_15m_bps,362,0.1744720571173698,,8.2686362477464,1.0102147265410082,-3.0601635007615218,6.993588976238092,-0.4375669647099576,0.6619670600921027,,0.982169979132021,True,
dd_60d,ALL,ret_30m_bps,362,0.1827170612994824,,10.997252538086245,1.239471078963404,-2.2074889919651506,7.064770226783588,-0.31246437196162924,0.7548716144468709,,0.982169979132021,True,
dd_60d,ALL,ret_60m_bps,362,0.16997585257846692,,5.8878557148860855,0.6190831788972306,-2.335942602528146,9.538507793451107,-0.24489602075200312,0.8066788387286083,,0.982169979132021,True,
dd_60d,ALL,drift_5m_bps,362,0.04538227511404214,,6.093260574471178,1.957754649300177,2.9078636482992484,4.975003147150443,0.5844948359409179,0.559259744795169,,0.982169979132021,True,
dd_60d,ALL,drift_15m_bps,362,0.04418358227696029,,7.087528972855458,1.8281064923242585,3.465222076419745,1.9056130394172617,1.8184290329370403,0.06984351836893225,,0.5349716300599067,True,
dd_60d,ALL,drift_30m_bps,362,0.05891196591790604,,9.816145263194805,1.8207972550548206,4.31789658521482,2.413110241321767,1.789349077914367,0.07441336555158996,0.1294352823588206,0.5564753050587681,True,0.400662219642313
dd_60d,ALL,drift_60m_bps,362,0.049182442872911514,,4.706748439990467,0.7502793242894664,4.189442974652616,4.038544743900564,1.0373645063558983,0.30027407325874356,,0.948233915553927,True,
overnight_ret,CPI,ret_1m_bps,122,0.44041609072796617,27.607369865991668,-6.555999757521764,-0.45400159506006793,63.536599825700335,24.82778385176658,2.559092676375926,0.011758984655043393,,0.17858309224618021,True,
overnight_ret,CPI,ret_5m_bps,122,0.4273121277169768,30.23453765870824,-18.170043473172978,-1.008129092639373,72.14091895012797,29.031101284387162,2.4849528870241357,0.014358650074565854,0.033483258370814596,0.19144866766087804,True,0.17230380089479025
overnight_ret,CPI,ret_15m_bps,122,0.40433122758404727,31.17910236508134,-11.161822878153068,-0.5879584437924859,88.9284911037774,31.564231071809463,2.8173818301311613,0.005677989661720789,,0.153384373677368,True,
overnight_ret,CPI,ret_30m_bps,122,0.41211787565498004,35.00104938583802,-2.038887582969589,-0.10184246750192645,91.28103636142508,32.65571409177802,2.795254640730934,0.006055122860278809,,0.153384373677368,True,
overnight_ret,CPI,ret_60m_bps,122,0.40063386208217444,34.40485790243435,-6.908480142109715,-0.3411157413058492,94.33408026217829,33.97490098276616,2.776581462592914,0.006391015569890334,,0.153384373677368,True,
overnight_ret,CPI,drift_5m_bps,122,0.06703697718080293,2.6271677927149657,-11.61404371565681,-1.1786817788425967,8.60431912442167,11.192340068587438,0.7687685570393505,0.44356666715326476,,0.982169979132021,True,
overnight_ret,CPI,drift_15m_bps,122,0.13418912410431072,3.571732499087733,-4.605823120634318,-0.4319296345858322,25.391891278073217,11.822128446381061,2.1478273893941724,0.03377222628708004,,0.3277633823633226,True,
overnight_ret,CPI,drift_30m_bps,122,0.1362180846256904,7.3936795198464,4.517112174554648,0.4044088960339752,27.744436535724486,13.057613851812551,2.1247707927795116,0.03569213648880982,0.047476261869065464,0.3294658752813214,True,0.28553709191047855
overnight_ret,CPI,drift_60m_bps,122,0.13892888129376646,6.797488036441137,-0.3524803845921408,-0.029165379291453485,30.79748043646677,12.985427417138373,2.371695551262315,0.019325245840427805,,0.23190295008513365,True,
overnight_ret,NFP,ret_1m_bps,121,0.020883857610099255,1.3522826769780627,2.700306454284922,0.2735627140073453,-2.0804192435499647,9.878208090435113,-0.21060694657408527,0.8335603439888358,,0.982169979132021,True,
overnight_ret,NFP,ret_5m_bps,121,0.019087027616527252,0.06542573046581933,0.9362089356864599,0.08072040327247612,1.99666725837446,21.463999217564506,0.09302400909242203,0.9260435911237999,0.7451274362818591,0.982169979132021,True,0.9686328392887096
overnight_ret,NFP,ret_15m_bps,121,0.04460542356018138,0.6359452043794583,8.24093428826632,0.7574630970502401,1.411291185983638,17.611077594016603,0.0801365605511344,0.9362655564245883,,0.982169979132021,True,
overnight_ret,NFP,ret_30m_bps,121,0.04249278844148263,0.4384880184254416,12.337258178765088,0.9287014933179907,2.1370668425532147,21.310828752900566,0.1002807946763846,0.9202930375359107,,0.982169979132021,True,
overnight_ret,NFP,ret_60m_bps,121,0.0679392071955689,1.5567243502396644,13.106279746487305,1.0042967632432895,-0.07777165418362811,18.972401874852704,-0.004099199178713997,0.9967363025849125,,0.9967363025849126,True,
overnight_ret,NFP,drift_5m_bps,121,0.052210540878672496,-1.2868569465119692,-1.7640975185937235,-0.3166612733370741,4.077086501923428,12.055196913182607,0.33820156827675285,0.7358174066147438,,0.982169979132021,True,
overnight_ret,NFP,drift_15m_bps,121,0.051828064921137784,-0.7163374725987982,5.540627833984164,0.8210148760493875,3.491710429534605,8.219322342623373,0.42481731266669737,0.6717500800414801,,0.982169979132021,True,
overnight_ret,NFP,drift_30m_bps,121,0.043596731040928094,-0.9137946585527775,9.636951724487107,1.0300885570480083,4.217486086102501,11.935982149962982,0.35334219112547693,0.7244677712441604,0.6636681659170415,0.982169979132021,True,0.9686328392887096
overnight_ret,NFP,drift_60m_bps,121,0.050375783393892815,0.2044416732618694,10.405973292201613,0.9128720116946569,2.0026475893649844,9.950839867294443,0.20125412689506872,0.8408493357177056,,0.982169979132021,True,
overnight_ret,PCE,ret_1m_bps,119,0.15464456113933678,4.0777098270892695,-4.304029919014828,-1.1425817755779741,3.225247386177303,6.9361934560145455,0.46498809565073634,0.6428192322559457,,0.982169979132021,True,
overnight_ret,PCE,ret_5m_bps,119,0.129853750677702,4.061632366404915,-7.187459745586111,-1.5142861412705206,4.6714673208949655,6.996114570651768,0.6677231016901093,0.5056481619145609,0.5557221389305347,0.982169979132021,True,0.9064337895987136
overnight_ret,PCE,ret_15m_bps,119,0.08059676657319692,3.8874551481261586,-9.467265055203086,-1.4213529201451436,4.472222418942563,7.603493776287979,0.5881799276129478,0.5575648738250816,,0.982169979132021,True,
overnight_ret,PCE,ret_30m_bps,119,0.038395590366535504,3.5147278746746062,-2.499723787108265,-0.2456972482337951,8.47829358783819,11.02205521468681,0.769211678103456,0.44334464974814286,,0.982169979132021,True,
overnight_ret,PCE,ret_60m_bps,119,0.056686195163134334,4.685607067104137,-7.003007848286385,-0.5373690288302757,13.071540692486689,15.966622481859314,0.8186791356367378,0.41466275380235945,,0.982169979132021,True,
overnight_ret,PCE,drift_5m_bps,119,0.014487071150549702,-0.01607746068214054,-2.883429826569255,-1.0776236486654867,1.4462199347225235,2.937170308991881,0.4923854535418161,0.6233855948903232,,0.982169979132021,True,
overnight_ret,PCE,drift_15m_bps,119,0.012811991821536584,-0.19025467896226958,-5.163235136188474,-1.0463879825798652,1.246975032767161,8.050912677268178,0.1548861703950666,0.8771825727505397,,0.982169979132021,True,
overnight_ret,PCE,drift_30m_bps,119,0.006498659741987045,-0.562981952414225,1.8043061319063611,0.19903897526383807,5.253046201662785,10.718601814276617,0.49008688751419066,0.6250061064813061,0.6391804097951025,0.982169979132021,True,0.9686328392887096
overnight_ret,PCE,drift_60m_bps,119,0.01711673080483178,0.6078972400151256,-2.6989779292691574,-0.22938176042347708,9.846293306307658,13.47130687822558,0.7309085447546866,0.46632158760556025,,0.982169979132021,True,
overnight_ret,ALL,ret_1m_bps,362,0.22815656745117208,,-5.4586393426125746,-0.8486083157812235,7.022143874340859,9.781765932189787,0.7178809964397557,0.473304142463252,,0.982169979132021,True,
overnight_ret,ALL,ret_5m_bps,362,0.2222587873760461,,-10.594312189969509,-1.4339720807180956,11.39556132059515,6.444822821862088,1.7681729406026798,0.0778932569052016,0.02448775612193903,0.5564753050587681,True,0.400662219642313
overnight_ret,ALL,ret_15m_bps,362,0.1942062847408561,,-7.8581285747664005,-0.9466083476511971,13.052085310091751,10.71694839376505,1.2178919623878424,0.22407616345562134,,0.8111708429311613,True,
overnight_ret,ALL,ret_30m_bps,362,0.198624063821347,,-1.348893527001112,-0.14582658645249355,14.37586922690808,10.093209313875779,1.4243110174228384,0.1552373630681667,,0.7385762398409831,True,
overnight_ret,ALL,ret_60m_bps,362,0.18718411498573906,,-4.75129322331753,-0.4863257240537569,13.619597937308537,12.768346119176567,1.066668917821196,0.2868482841411426,,0.9220123418822441,True,
overnight_ret,ALL,drift_5m_bps,362,0.050588343357397036,,-5.135672847356284,-1.6062539279784014,4.373417446253342,4.845736778534829,0.9025288921235423,0.36738966505975673,,0.982169979132021,True,
overnight_ret,ALL,drift_15m_bps,362,0.04710114252360076,,-2.39948923215376,-0.5796252049404509,6.029941435751371,2.3567846514973927,2.5585457847920994,0.01092653950582234,,0.17858309224618021,True,
overnight_ret,ALL,drift_30m_bps,362,0.056770822269923915,,4.109745815614168,0.7512130068866681,7.353725352566868,2.773910180658601,2.651032251816061,0.008385145920521496,0.02148925537231384,0.1588764490204073,True,0.13416233472834393
overnight_ret,ALL,drift_60m_bps,362,0.05193200858184843,,0.7073461192949321,0.10945340465269418,6.597454062965039,4.165061404094988,1.5839992314347588,0.11408680575451075,,0.6519246043114899,True,
prev_x,CPI,ret_1m_bps,121,0.2945516986006397,26.071475151590946,-8.353595177950291,-0.42159099582038745,6.013448884567367,24.327942845400077,0.24718279399050747,0.8051999825638796,,0.982169979132021,True,
prev_x,CPI,ret_5m_bps,121,0.27071617378348345,27.050712537959228,-15.114403655193334,-0.699246752945362,-3.0458406088986103,27.89323968703394,-0.10919637313820012,0.9132338000053118,0.8985507246376812,0.982169979132021,True,0.9686328392887096
prev_x,CPI,ret_15m_bps,121,0.22893762368579051,29.25705551078304,-22.98091072702295,-0.9007517246184691,6.77829061636228,32.767524314664286,0.20686001637691087,0.8364787608839457,,0.982169979132021,True,
prev_x,CPI,ret_30m_bps,121,0.2584050654227801,34.10277087900805,-21.29243966765776,-0.7899457702877085,14.426885692413977,34.95962364590995,0.4126727975832151,0.6806015860348835,,0.982169979132021,True,
prev_x,CPI,ret_60m_bps,121,0.23391723919593732,31.057656046978114,-22.93557059296512,-0.77598524362588,0.7022344129929935,37.59424440865017,0.018679306474674466,0.9851287535756564,,0.9967363025849126,True,
prev_x,CPI,drift_5m_bps,121,0.04263803330570359,0.979237386367376,-6.760808477245794,-0.8297627168748477,-9.059289493464755,9.977662428188813,-0.9079571050500288,0.36576724681576456,,0.982169979132021,True,
prev_x,CPI,drift_15m_bps,121,0.041967090912208516,3.1855803591907246,-14.627315549073943,-1.5209007536502481,0.764841731796648,11.975089327276093,0.06386939678642232,0.949183213378682,,0.982169979132021,True,
prev_x,CPI,drift_30m_bps,121,0.07742545081319607,8.031295727417625,-12.938844489707892,-1.067012146798066,8.413436807849408,13.499474239076742,0.6232418136326486,0.5343386697709979,0.5552223888055972,0.982169979132021,True,0.9160091481788536
prev_x,CPI,drift_60m_bps,121,0.05603873758570588,4.98618089538671,-14.58197541501774,-1.0733731217320037,-5.3112144715723835,15.525924337404819,-0.3420868449536809,0.7328992535272973,,0.982169979132021,True,
prev_x,NFP,ret_1m_bps,119,0.029805695270773258,1.580773994230057,5.5011485498601695,0.5985038609518538,-2.217681094183251,5.243348147313755,-0.4229513341240562,0.673120624154871,,0.982169979132021,True,
prev_x,NFP,ret_5m_bps,119,0.02313610970257962,0.9139874612065204,12.620789537613398,0.9811845721346941,-0.49780717250798984,7.683289711298744,-0.06479088921714539,0.9484529884701948,0.8355822088955522,0.982169979132021,True,0.9686328392887096
prev_x,NFP,ret_15m_bps,119,0.04315960698272647,1.5538308374118381,7.734464275871968,0.6392218684747069,-0.9247121741587235,9.506203564181279,-0.09727460262296249,0.922677655572012,,0.982169979132021,True,
prev_x,NFP,ret_30m_bps,119,0.039501019605262866,1.5500641935349142,12.582745998271722,0.92171018156939,-0.7507366612471987,10.907636011816084,-0.0688267063948537,0.9452470918316002,,0.982169979132021,True,
prev_x,NFP,ret_60m_bps,119,0.0644801161532278,1.4616551123701644,9.879642553095563,0.812745170660461,0.33998953286441674,11.764612737071184,0.02889933909962748,0.9769949653331079,,0.9967363025849126,True,
prev_x,NFP,drift_5m_bps,119,0.07010474049299775,-0.666786533023942,7.11964098774634,0.9689857145832456,1.7198739216762098,4.478940938118945,0.383991203598795,0.7016940253537354,,0.982169979132021,True,
prev_x,NFP,drift_15m_bps,119,0.043743807762823606,-0.0269431568181005,2.2333157260196064,0.30411239808458995,1.292968920024594,5.683425401003282,0.22749817738372166,0.8204403486646515,,0.982169979132021,True,
prev_x,NFP,drift_30m_bps,119,0.03676902131066284,-0.03070980069560974,7.081597448404331,0.8422229273036809,1.4669444329364378,6.936430397702711,0.21148405575038678,0.8328839047544202,0.8095952023988006,0.982169979132021,True,0.9686328392887096
prev_x,NFP,drift_60m_bps,119,0.06492880072425178,-0.11911888186035044,4.37849400323041,0.502066949815714,2.5576706270483083,7.393387660999918,0.34594028398375587,0.7300196618815439,,0.982169979132021,True,
prev_x,PCE,ret_1m_bps,118,0.16915977512209346,3.971522920289782,-5.673109929784838,-1.202061806895193,3.869366725673243,7.1242996467183035,0.5431224004531597,0.5881059163093592,,0.982169979132021,True,
prev_x,PCE,ret_5m_bps,118,0.12146690891404865,4.102338078355841,-7.038024837943873,-1.3730403813161345,2.704593211058475,7.127595993517173,0.3794537756514831,0.7050568324114749,0.7371314342828585,0.982169979132021,True,0.9686328392887096
prev_x,PCE,ret_15m_bps,118,0.05245877033039348,4.384422951531447,2.011114683643169,0.29092476785316024,-3.008220079144705,7.035252894886123,-0.427592316024824,0.6697545796656095,,0.982169979132021,True,
prev_x,PCE,ret_30m_bps,118,0.02628688672457624,3.6473276061424205,2.746543472529223,0.2520343485143681,3.0448695455055894,10.72217630128073,0.28397868678412697,0.776941848291123,,0.982169979132021,True,
prev_x,PCE,ret_60m_bps,118,0.03750605397663764,4.5447094581053165,-2.8680025138820673,-0.20277041076757887,7.529053734350412,16.21086133979724,0.4644450147671538,0.6432147188889954,,0.982169979132021,True,
prev_x,PCE,drift_5m_bps,118,0.003177923107384295,0.13081515806802144,-1.3649149081661927,-0.377282263609566,-1.1647735146129519,2.5024208496284595,-0.46545868365262727,0.6424909933486925,,0.982169979132021,True,
prev_x,PCE,drift_15m_bps,118,0.050509316958591066,0.41290003124250335,7.6842246134254895,1.3450642046813375,-6.8775868048204325,6.174093742654942,-1.1139427244690618,0.26764686377858043,,0.8795015421861384,True,
prev_x,PCE,drift_30m_bps,118,0.01369620731706489,-0.32419531414718167,8.419653402303625,0.832686158736986,-0.8244971801693949,9.492257767245155,-0.0868599652881825,0.9309352053652035,0.9375312343828086,0.982169979132021,True,0.9686328392887096
prev_x,PCE,drift_60m_bps,118,0.0031821896505229708,0.5731865378155356,2.8051074158972136,0.21680810973712533,3.6596870086764532,12.932888715544447,0.28297521838858475,0.77770902377118,,0.982169979132021,True,
prev_x,ALL,ret_1m_bps,358,0.22102175579993177,,-5.266347612140201,-0.6181198766765492,-1.2808297152580033,3.8838940874249968,-0.32977977422324284,0.7417636525148578,,0.982169979132021,True,
prev_x,ALL,ret_5m_bps,358,0.19870864791920795,,-5.532522972340825,-0.5864446643914318,0.25487667693898136,2.548614533083523,0.10000597329664077,0.9203968405846781,0.9075462268865567,0.982169979132021,True,0.9686328392887096
prev_x,ALL,ret_15m_bps,358,0.17187902744177452,,-6.730665554182622,-0.619054855375893,-0.17003977050079294,2.3488879405350875,-0.07239160607298153,0.9423316147023135,,0.982169979132021,True,
prev_x,ALL,ret_30m_bps,358,0.17858555804228493,,-5.809906381473161,-0.49176469792730604,0.6335930209054713,2.133256625649721,0.2970074079636337,0.7666370395306068,,0.982169979132021,True,
prev_x,ALL,ret_60m_bps,358,0.1707978046291495,,-8.35903097209094,-0.6531233795792136,1.3272292269255546,2.7605496150512554,0.480784413252037,0.6309701231332359,,0.982169979132021,True,
prev_x,ALL,drift_5m_bps,358,0.025231037264436096,,-0.2661753602061151,-0.06715037980700919,1.535706392197922,5.803049607711789,0.2646378190800042,0.791444255159266,,0.982169979132021,True,
prev_x,ALL,drift_15m_bps,358,0.024669381819246383,,-1.4643179420418104,-0.31461160263232923,1.1107899447575367,5.1355601671559015,0.21629382357576343,0.8288847297061749,,0.982169979132021,True,
prev_x,ALL,drift_30m_bps,358,0.041478924185510024,,-0.5435587693386755,-0.09084118491295291,1.914422736163817,2.345739108038076,0.8161277311716894,0.4149821733385428,0.40229885057471265,0.982169979132021,True,0.7967657728100022
prev_x,ALL,drift_60m_bps,358,0.04971771439291828,,-3.0926833599550894,-0.46296687240963263,2.6080589421841744,4.808890020908003,0.5423411495885545,0.5879286513395332,,0.982169979132021,True,
mom_5d,CPI,ret_1m_bps,122,0.2967004255847998,23.653761092458574,-0.4903809475865083,-0.0373406121794753,-15.01468298785011,24.831069312258816,-0.604673234125988,0.5465571073472116,,0.982169979132021,False,
mom_5d,CPI,ret_5m_bps,122,0.2780770439856557,25.497884236484456,5.5081764497602785,0.3846863785472108,-20.191060420939284,29.362328684526208,-0.6876518765890618,0.4930214796596741,0.48575712143928035,0.982169979132021,False,
mom_5d,CPI,ret_15m_bps,122,0.2192158437376659,26.08977619460899,7.135523584313339,0.4182124034026041,-8.085021876309527,33.657969526784136,-0.24021121862017486,0.8105833286040317,,0.982169979132021,False,
mom_5d,CPI,ret_30m_bps,122,0.24892769537945092,29.56849290419529,3.021488514940854,0.16220932666039553,-13.273835151502794,37.16262346273855,-0.3571824030349183,0.7215932540421907,,0.982169979132021,False,
mom_5d,CPI,ret_60m_bps,122,0.22659589014725945,29.336773345776592,-3.4817672931239114,-0.18786599998485293,-7.7314385939944525,36.42116196669286,-0.2122787461054881,0.8322558288363584,,0.982169979132021,False,
mom_5d,CPI,drift_5m_bps,122,0.034774902348251646,1.8441231440246844,5.998557397347218,1.0997028582417459,-5.1763774330878665,7.811072468246894,-0.6626974021980423,0.5088167428128395,,0.982169979132021,False,
mom_5d,CPI,drift_15m_bps,122,0.028526101241946544,2.43601510214886,7.6259045319015675,0.9662638745481301,6.929661111544704,11.306301335066623,0.6129025670006053,0.5411202331406877,,0.982169979132021,False,
mom_5d,CPI,drift_30m_bps,122,0.05417744622276577,5.914731811736711,3.511869462527959,0.35726052266254543,1.7408478363467967,14.691056461887191,0.11849711699516333,0.9058752644117085,0.9240379810094953,0.982169979132021,False,
mom_5d,CPI,drift_60m_bps,122,0.0455702032638966,5.683012253317432,-2.991386345547029,-0.3105569343317606,7.28324439385665,13.986076722267029,0.5207496382642534,0.6035169963560483,,0.982169979132021,False,
mom_5d,NFP,ret_1m_bps,121,0.02848573939281529,1.2937039089200395,-6.930089654881602,-0.7732183608038564,-2.0045302837520156,15.77860057499916,-0.1270410689607131,0.8991259719661017,,0.982169979132021,False,
mom_5d,NFP,ret_5m_bps,121,0.02898356339154562,0.10975452521436863,-9.110305610342243,-0.8437368408796874,2.337001638556011,21.63803985643652,0.1080043134249445,0.9141772682282232,0.6596701649175413,0.982169979132021,False,
mom_5d,NFP,ret_15m_bps,121,0.06913053475644348,0.9732586297080664,-20.159791749592618,-1.8749592025634654,1.0771535216491557,16.57231818756553,0.06499715425795777,0.9482871915804916,,0.982169979132021,False,
mom_5d,NFP,ret_30m_bps,121,0.05852111029104756,0.7741337067201794,-19.81884215205271,-1.5778355614160056,2.0277887566947443,20.344156579900126,0.09967426020984249,0.9207735211892646,,0.982169979132021,False,
mom_5d,NFP,ret_60m_bps,121,0.08606007671442517,1.0158870402733657,-19.806083800923794,-1.5939898346176986,2.435569995791814,15.343079455792399,0.15874062327640004,0.8741469099812353,,0.982169979132021,False,
mom_5d,NFP,drift_5m_bps,121,0.14024439861384663,-1.1839493837057375,-2.180215955467166,-0.4873461751409521,4.341531922308269,5.961298611710064,0.728286268663004,0.46789348319442686,,0.982169979132021,False,
mom_5d,NFP,drift_15m_bps,121,0.10669126317068556,-0.32044527921200266,-13.229702094713046,-2.0792789432866465,3.0816838054018856,1.2082040389386608,2.550631934742555,0.012043798407801789,,0.17858309224618021,False,
mom_5d,NFP,drift_30m_bps,121,0.07529654926091356,-0.5195702022000965,-12.888752497169387,-1.5007681574208678,4.03231904044641,4.6541282698361295,0.8663961985277184,0.3880461877165698,0.3183408295852074,0.982169979132021,False,
mom_5d,NFP,drift_60m_bps,121,0.08537363469079484,-0.2778168686468093,-12.875994146041407,-1.3006030693715636,4.440100279543588,1.9965239320248802,2.2239153802881924,0.028073701538064603,,0.2901590486321142,False,
mom_5d,PCE,ret_1m_bps,119,0.16168438461631984,3.7536182734943555,-0.3680967501641359,-0.09492024748332965,-6.638027996793594,4.787304440137562,-1.3865899024802466,0.16824899393633147,,0.7386541197204797,False,
mom_5d,PCE,ret_5m_bps,119,0.09889301872535361,4.108179324373201,0.6891219475988368,0.13077741172126106,-3.1483119579114827,5.737225263886524,-0.5487516722985958,0.5842397116241486,0.6416791604197901,0.982169979132021,False,
mom_5d,PCE,ret_15m_bps,119,0.05121739526750346,4.309868725128143,-1.1118212449909548,-0.15243691672517926,1.088049957971952,5.912722909640521,0.1840184251147502,0.8543230896816666,,0.982169979132021,False,
mom_5d,PCE,ret_30m_bps,119,0.03259379273586449,4.228545180224737,0.20503118618250973,0.017355330423916255,6.713958643921413,10.21327424623162,0.6573757329975404,0.5122529283949017,,0.982169979132021,False,
mom_5d,PCE,ret_60m_bps,119,0.03648938317390349,5.415809614207621,6.999918430330878,0.46030343687641784,4.006833213411225,14.625229009642622,0.2739672117796899,0.7846013031138377,,0.982169979132021,False,
mom_5d,PCE,drift_5m_bps,119,0.01413615123581502,0.35456105088125484,1.057218697761813,0.3123950705781695,3.4897160388844446,3.4438150767144626,1.0133285211741896,0.31303053485437526,,0.9603452294880913,False,
mom_5d,PCE,drift_15m_bps,119,0.02749495227900145,0.5562504516347536,-0.7437244948219653,-0.13300075024576694,7.72607795476654,5.897278866481695,1.310108972237886,0.1927698316599598,,0.7797431392987139,False,
mom_5d,PCE,drift_30m_bps,119,0.03912514581981308,0.47492690673057636,0.5731279363397901,0.05402281578149428,13.35198664071149,9.5448607730886,1.3988665689453479,0.16454422686231435,0.18040979510244878,0.7385762398409831,False,
mom_5d,PCE,drift_60m_bps,119,0.019371678240167722,1.6621913407137274,7.368015180497785,0.5347590104594078,10.644861210208756,13.113547434711204,0.8117453544288175,0.41861478320279605,,0.982169979132021,False,
mom_5d,ALL,ret_1m_bps,362,0.2200939282234171,,-1.7060625412051813,-0.2951116102610395,-3.147425606336626,2.923963136808574,-1.0764245166825035,0.2824704761596317,,0.9161204632204272,False,
mom_5d,ALL,ret_5m_bps,362,0.1957617003639731,,0.34140404836190225,0.05184112736369238,0.5162800027541162,3.8747482264246895,0.1332422063537528,0.894077542049395,0.8385807096451774,0.982169979132021,False,
mom_5d,ALL,ret_15m_bps,362,0.17038409367339546,,-4.3848858054713284,-0.5854053353835261,0.26640638450188975,5.005778724804901,0.05321976842120062,0.9575868248866176,,0.9877686445821844,False,
mom_5d,ALL,ret_30m_bps,362,0.17873160519003983,,-5.4290802735363926,-0.6306626812837389,1.1031789702086015,6.088825961979294,0.18118090040628967,0.8563292743328145,,0.982169979132021,False,
mom_5d,ALL,ret_60m_bps,362,0.16944419387184706,,-5.240481277889382,-0.5902552656999952,1.5782675766455323,4.316224676468096,0.36565927284791067,0.7148377381388962,,0.982169979132021,False,
mom_5d,ALL,drift_5m_bps,362,0.05026500934986,,2.0474665895644293,0.7941243877442077,3.663705609091099,1.6464397453219273,2.225229085668566,0.026695449245881492,,0.2901590486321142,False,
mom_5d,ALL,drift_15m_bps,362,0.03976743667873828,,-2.6788232642647873,-0.7020608124594027,3.413831990839372,2.33439417393197,1.4624059762320414,0.14451718978400876,,0.7225859489200439,False,
mom_5d,ALL,drift_30m_bps,362,0.05294493917851273,,-3.7230177323324134,-0.7069841306120862,4.250604576544784,3.43179820704951,1.238593973215938,0.21631658131799555,0.26636681659170414,0.8111708429311613,False,
mom_5d,ALL,drift_60m_bps,362,0.05519699719813409,,-3.5344187366866753,-0.6085690354908257,4.725693182982223,1.8339329659699184,2.576808024432305,0.010376064622645512,,0.17787539353106593,False,
ma50_gap,CPI,ret_1m_bps,122,0.31198745298966746,23.121927132535088,10.151421007319433,0.8005852698975999,-21.568631280248773,22.422849987669256,-0.9619040974768938,0.3380647767880965,,0.981478384223506,False,
ma50_gap,CPI,ret_5m_bps,122,0.3029218579760713,24.75376660998607,20.664608476717394,1.4240855071418927,-27.97158212058238,28.857282214030523,-0.9693075707241234,0.3343743623460114,0.35082458770614694,0.981478384223506,False,
ma50_gap,CPI,ret_15m_bps,122,0.23944979555456203,25.056961228211843,26.762224366163906,1.5774581228463866,-16.02829891772965,32.121675421553235,-0.4989870144499021,0.6187175101142964,,0.982169979132021,False,
ma50_gap,CPI,ret_30m_bps,122,0.26404981926826643,28.694115437229552,22.143045582201708,1.2488463428038181,-19.647908328337905,34.01039829014129,-0.5777029766226911,0.5645654110953148,,0.982169979132021,False,
ma50_gap,CPI,ret_60m_bps,122,0.23215982946175784,28.6514444715365,9.13463562321293,0.49598497846312134,-15.158940089421165,33.080311301291175,-0.4582465972389289,0.6476180908243281,,0.982169979132021,False,
ma50_gap,CPI,drift_5m_bps,122,0.057381623237715784,1.6318394774495713,10.51318746939902,1.6399849639724617,-6.402950840336271,9.22152209130352,-0.6943485876778043,0.48882843334453546,,0.982169979132021,False,
ma50_gap,CPI,drift_15m_bps,122,0.060726477390226186,1.9350340956751635,16.610803358845565,2.061481208480865,5.54033236252315,11.562793841060149,0.47915170318518613,0.6327174838931918,,0.982169979132021,False,
ma50_gap,CPI,drift_30m_bps,122,0.06768131883808948,5.5721883046943885,11.991624574885071,1.2278912401319844,1.9207229519105937,13.761472629370402,0.139572486436611,0.8892357247399534,0.9095452273863068,0.982169979132021,False,
ma50_gap,CPI,drift_60m_bps,122,0.043491648001850236,5.529517339000695,-1.0167853841117127,-0.10001520225816733,6.409691190828266,13.299081037424715,0.4819649698194081,0.6307235626272867,,0.982169979132021,False,
ma50_gap,NFP,ret_1m_bps,121,0.023736263413053904,1.157458117644059,-7.909231221849334,-0.6077453183492194,-0.9870585103387503,5.669488047728762,-0.174100113101777,0.8620876692775497,,0.982169979132021,False,
ma50_gap,NFP,ret_5m_bps,121,0.023958045197025823,-0.04610684280914021,-7.835593758326866,-0.5229084510878972,2.062439253588389,17.605903037237365,0.11714475816583943,0.9069461971112778,0.6766616691654173,0.982169979132021,False,
ma50_gap,NFP,ret_15m_bps,121,0.04393233243969086,0.5026395080080523,-5.432112068039424,-0.37678705574107174,1.7310953336999813,12.788281369388733,0.13536575273075385,0.8925553137279583,,0.982169979132021,False,
ma50_gap,NFP,ret_30m_bps,121,0.042550482214979035,0.3586041797854719,-10.074175957184801,-0.6428014543806534,2.3745993260344695,14.995066220593475,0.15835870886474068,0.8744471533519429,,0.982169979132021,False,
ma50_gap,NFP,ret_60m_bps,121,0.0691283194945882,1.4050921716698743,-12.96496610549196,-0.8698689576196471,0.8405044133494822,11.063556397398575,0.07597054537970394,0.9395722839811953,,0.982169979132021,False,
ma50_gap,NFP,drift_5m_bps,121,0.037555892917411016,-1.2035649604525571,0.0736374635218736,0.011901045314612658,3.0494977639255825,12.98331393891994,0.23487822741342917,0.8147138222342276,,0.982169979132021,False,
ma50_gap,NFP,drift_15m_bps,121,0.0451299908320959,-0.6548186096359115,2.477119153807964,0.37688513844196736,2.7181538440389574,8.158062168636349,0.333186213570288,0.7395900492017008,,0.982169979132021,False,
ma50_gap,NFP,drift_30m_bps,121,0.0341471689533841,-0.7988539378585692,-2.164944735336575,-0.23140275803836124,3.361657836372423,10.384509229956768,0.32371850820594034,0.7467290919955559,0.6776611694152923,0.982169979132021,False,
ma50_gap,NFP,drift_60m_bps,121,0.045220004872964625,0.2476340540258935,-5.0557348836463785,-0.48060317563529903,1.8275629236876583,7.0424042652582255,0.25950838021376305,0.7956990891882787,,0.982169979132021,False,
ma50_gap,PCE,ret_1m_bps,119,0.2062822988799653,4.5015055371045305,-4.662327927124937,-1.4832112188195823,-8.699570750169341,6.062664424310999,-1.4349418244698606,0.1540177237882083,,0.7385762398409831,False,
ma50_gap,PCE,ret_5m_bps,119,0.12571828752971503,4.579715594858317,-5.361252569641191,-1.0696280678491894,-6.418174773107162,6.663605614845859,-0.9631684622523425,0.33748393226073164,0.36281859070464767,0.981478384223506,False,
ma50_gap,PCE,ret_15m_bps,119,0.07910648664591602,4.569239364783118,-10.881417322646557,-1.70056338113125,-2.6107331848098756,4.670701935511989,-0.5589594927820404,0.5772762260008384,,0.982169979132021,False,
ma50_gap,PCE,ret_30m_bps,119,0.03342666449495202,3.7789678911508804,-4.135217942445791,-0.39249395564945017,4.387552995370512,9.55310960508321,0.459280085411759,0.6469000262086797,,0.982169979132021,False,
ma50_gap,PCE,ret_60m_bps,119,0.03230960093317292,5.194931001928275,-2.6000049626597166,-0.18618868890047685,-1.809414391040309,15.072761486054308,-0.12004531437151872,0.9046567257327126,,0.982169979132021,False,
ma50_gap,PCE,drift_5m_bps,119,0.010433983095570865,0.07821005775599851,-0.6989246425167133,-0.21874549353262787,2.2813959770648093,2.608158313935152,0.8747152980996279,0.38355198547776476,,0.982169979132021,False,
ma50_gap,PCE,drift_15m_bps,119,0.04395241317611576,0.0677338276792372,-6.219089395513661,-1.2175490172765064,6.08883756536006,5.997813697103183,1.0151761746619172,0.3121529385302551,,0.9603452294880913,False,
ma50_gap,PCE,drift_30m_bps,119,0.052036429098072934,-0.7225376459529946,0.5271099846736088,0.05576100948489576,13.087123745537932,7.465204360713817,1.7530831191185972,0.08225245561792587,0.07596201899050475,0.5564753050587681,False,
ma50_gap,PCE,drift_60m_bps,119,0.010839201364762241,0.6934254648238326,2.062322964466695,0.1620604560938382,6.890156359131334,11.377095068625785,0.6056164880024669,0.5459628353613061,,0.982169979132021,False,
ma50_gap,ALL,ret_1m_bps,362,0.22042750871454375,,0.11886598457855684,0.019248113035957692,-4.240604868560905,7.442312900683994,-0.5697966378397188,0.5691770457396819,,0.982169979132021,False,
ma50_gap,ALL,ret_5m_bps,362,0.19753726495987056,,3.7092686282123526,0.5208519753651136,-2.3039575522839244,14.199551329248841,-0.16225565856705165,0.8711971051848846,0.7981009495252374,0.982169979132021,False,
ma50_gap,ALL,ret_15m_bps,362,0.17036574278588834,,4.2631340215165086,0.5491186402349967,-0.6788010084253198,9.635842830798296,-0.0704454213652926,0.9438789184089745,,0.982169979132021,False,
ma50_gap,ALL,ret_30m_bps,362,0.17767868539296305,,3.2853488970546296,0.3822144130527693,0.24893630706540543,10.384342747321892,0.023972273751230504,0.9808882316246621,,0.9967363025849126,False,
ma50_gap,ALL,ret_60m_bps,362,0.1681315783722026,,-1.4448145288094736,-0.16102112645183292,-1.281358621306619,8.913863914460528,-0.14374895484189895,0.8857805061531978,,0.982169979132021,False,
ma50_gap,ALL,drift_5m_bps,362,0.026826283720902122,,3.5904026436336314,1.2323528279648621,1.9366473162758508,7.270774748048426,0.26636051636665997,0.7901166471933627,,0.982169979132021,False,
ma50_gap,ALL,drift_15m_bps,362,0.035334650744617946,,4.144268036940347,1.0909887255896795,3.561803860136226,2.8970820769045695,1.2294452713407031,0.2197214310340921,,0.8111708429311613,False,
ma50_gap,ALL,drift_30m_bps,362,0.04684882870764673,,3.1664829124748373,0.5967828487805973,4.489541175625466,3.6448510627429975,1.2317488693891328,0.21886048991739057,0.24987506246876562,0.8111708429311613,False,
ma50_gap,ALL,drift_60m_bps,362,0.042948744376096304,,-1.5636805133906582,-0.25677498827907025,2.959246247254187,3.175973018800498,0.9317605123647542,0.3520953225887673,,0.982169979132021,False,
rv_pre_60m,CPI,ret_1m_bps,122,0.4270205572695114,25.420646573222722,-29.83301583371784,-2.40201671424479,51.51195275103103,16.402523622749086,3.140489471972945,0.002131923265419879,,0.14692101202726113,False,
rv_pre_60m,CPI,ret_5m_bps,122,0.42820379993500834,27.990760505502553,-43.9801977147023,-2.965731479466696,59.55885124354058,20.586824761715913,2.8930566968393596,0.004544652329918749,0.015992003998001,0.14873407625188634,False,
rv_pre_60m,CPI,ret_15m_bps,122,0.37132314385375476,28.124535053232055,-49.24771466941244,-3.0085049258701866,63.14180807900514,23.17800179414713,2.7242127531006406,0.007425562566559237,,0.15495543220673014,False,
rv_pre_60m,CPI,ret_30m_bps,122,0.3960311517682594,31.783467450246988,-44.90708368731062,-2.7345320827463513,70.92300448562624,23.81742033553509,2.977778595938478,0.0035244921282370357,,0.14692101202726113,False,
rv_pre_60m,CPI,ret_60m_bps,122,0.34980743548624127,30.95535804141156,-39.99546969490392,-2.2217171007826972,66.44288442588037,24.28403604856519,2.736072549596059,0.007178771640945277,,0.15495543220673014,False,
rv_pre_60m,CPI,drift_5m_bps,122,0.08368614802392238,2.570113932278473,-14.147181880979929,-1.9034538480102174,8.046898492505344,8.441951195821018,0.9532036262527512,0.34243543724682135,,0.982169979132021,False,
rv_pre_60m,CPI,drift_15m_bps,122,0.10245174973836368,2.703888480007519,-19.414698835688327,-2.5740884184674484,11.629855327972809,9.504138449415722,1.2236622382839728,0.2235174946448522,,0.8111708429311613,False,
rv_pre_60m,CPI,drift_30m_bps,122,0.1248519340906371,6.3628208770242445,-15.074067853587747,-1.5081644463649186,19.411051734595144,11.487348722352195,1.6897764840049585,0.09371109656202575,0.10644677661169415,0.5832665065377614,False,
rv_pre_60m,CPI,drift_60m_bps,122,0.07542183469201835,5.534711468187744,-10.162453861177012,-1.001124543751682,14.93093167484483,11.740498157154946,1.2717460089839165,0.20596416503262996,,0.8111708429311613,False,
rv_pre_60m,NFP,ret_1m_bps,121,0.019471357643147558,0.6183247694588677,-1.5044486467631868,-0.16729830911850352,2.034733563145469,13.526657256816252,0.15042397574760322,0.8806891498028906,,0.982169979132021,False,
rv_pre_60m,NFP,ret_5m_bps,121,0.028426436849332437,0.881986851511749,-4.43004317544872,-0.39863372382480733,-5.82785299809015,13.776373492058688,-0.4230324476502893,0.6730481259397859,0.21739130434782608,0.982169979132021,False,
rv_pre_60m,NFP,ret_15m_bps,121,0.049846109909093994,1.2963330061508562,-6.452155099034311,-0.5718869851064711,-5.014763404139351,15.342040036901823,-0.3268641844290242,0.7443546436875601,,0.982169979132021,False,
rv_pre_60m,NFP,ret_30m_bps,121,0.046070896660414085,1.4183372150395537,-5.194406145087489,-0.4195258218053048,-6.7702626138048965,16.403588852733275,-0.41273057222942955,0.6805593702080294,,0.982169979132021,False,
rv_pre_60m,NFP,ret_60m_bps,121,0.07406323329304898,1.7832249074545385,-8.591975084878609,-0.7370245047726006,-6.770941805927779,11.29476374127918,-0.5994761786102611,0.5500145174963965,,0.982169979132021,False,
rv_pre_60m,NFP,drift_5m_bps,121,0.12463776562595141,0.2636620820528505,-2.9255945286906315,-0.6010698503744336,-7.862586561235414,4.129222488672944,-1.9041324566074191,0.059348850220112284,,0.48757614874447436,False,
rv_pre_60m,NFP,drift_15m_bps,121,0.084360051614644,0.6780082366921776,-4.947706452267672,-0.8401962046980864,-7.049496967285646,2.7031910235385155,-2.6078426962434027,0.010298780073846133,,0.17787539353106593,False,
rv_pre_60m,NFP,drift_30m_bps,121,0.06477009403452083,0.8000124455803325,-3.6899574983302124,-0.47271885252386914,-8.804996176949212,3.7538923997280835,-2.3455643474456034,0.020681913941356687,0.046476761619190406,0.2401770651254325,False,
rv_pre_60m,NFP,drift_60m_bps,121,0.0756835964246726,1.1649001379954527,-7.087526438113411,-0.7692694620789845,-8.805675369072594,3.24973536687798,-2.7096592106612682,0.007747771610336507,,0.15495543220673014,False,
rv_pre_60m,PCE,ret_1m_bps,119,0.24747195410964484,4.920744093520718,10.751537185577437,3.164131852075496,9.020671373688097,7.3998418396175945,1.2190356995730416,0.2253252341475448,,0.8111708429311613,False,
rv_pre_60m,PCE,ret_5m_bps,119,0.1529020523836654,4.941281452674022,9.601833372515479,1.7560647959363904,7.743429906523223,7.71195464575901,1.0040813596824667,0.3174474508585635,0.335832083958021,0.9603452294880913,False,
rv_pre_60m,PCE,ret_15m_bps,119,0.10596978959515768,5.2620276458679385,15.087706554429902,1.9448437348951775,-1.6549090060731082,7.368659068011209,-0.22458753903507248,0.8226987173406802,,0.982169979132021,False,
rv_pre_60m,PCE,ret_30m_bps,119,0.02828809333270199,3.9087125630494843,2.426065140599522,0.19249780427046212,-3.17662968184694,11.817368898307663,-0.26881023256385417,0.7885573705463385,,0.982169979132021,False,
rv_pre_60m,PCE,ret_60m_bps,119,0.033126828828026866,5.385330354469146,4.223996416772227,0.2533900761868311,-0.27020463575743336,18.91921328327913,-0.014282022815200312,0.9886297298070447,,0.9967363025849126,False,
rv_pre_60m,PCE,drift_5m_bps,119,0.00344955813253478,0.020537359154946977,-1.1497038130707407,-0.30508480220584233,-1.2772414671650545,2.7686987036604593,-0.46131471997167145,0.6454441744544889,,0.982169979132021,False,
rv_pre_60m,PCE,drift_15m_bps,119,0.06469969966975109,0.341283552347356,4.336169368841113,0.7660312129846271,-10.67558037976515,6.657477131898141,-1.6035474352010863,0.11155688373701493,,0.647749647505248,False,
rv_pre_60m,PCE,drift_30m_bps,119,0.04498918500467819,-1.0120315304710095,-8.325472044981563,-0.7631328556296739,-12.197301055534536,9.2658303145663,-1.3163743174057303,0.1906660698349064,0.21139430284857572,0.7797431392987139,False,
rv_pre_60m,PCE,drift_60m_bps,119,0.018980357098195788,0.464586260948293,-6.5275407688098985,-0.43850154695176674,-9.290876009448787,14.054737083030387,-0.6610494351165445,0.5099027825221938,,0.982169979132021,False,
rv_pre_60m,ALL,ret_1m_bps,362,0.24271462677952005,,-7.681226272327844,-1.326308199598138,11.967634900357384,6.8245579121021365,1.753613209016062,0.0803622202099731,,0.5564753050587681,False,
rv_pre_60m,ALL,ret_5m_bps,362,0.2146266616304029,,-14.119843768573247,-1.9589358738746976,8.060699579329693,11.75615660655699,0.6856577237865172,0.4933777408207639,0.2193903048475762,0.982169979132021,False,
rv_pre_60m,ALL,ret_15m_bps,362,0.18487227478212465,,-14.511924011216147,-1.8295286717304284,7.561021695570543,9.850467365588187,0.7675799954410653,0.44324841463966647,,0.982169979132021,False,
rv_pre_60m,ALL,ret_30m_bps,362,0.1931025461130258,,-16.970829682299573,-1.969968477426083,7.615107941059821,11.209040974710657,0.6793719425453695,0.4973461846773574,,0.982169979132021,False,
rv_pre_60m,ALL,ret_60m_bps,362,0.18119833401140917,,-15.908076264058579,-1.7085276843679449,7.291996457595985,11.54020191748339,0.6318777184087759,0.527874628202879,,0.982169979132021,False,
rv_pre_60m,ALL,drift_5m_bps,362,0.044875932616028735,,-6.438617496248456,-2.0035403944645958,-3.90693532102831,5.3974564128499605,-0.7238474981894987,0.4696374245234609,,0.982169979132021,False,
rv_pre_60m,ALL,drift_15m_bps,362,0.040638921413694185,,-6.830697738888731,-1.8036825725443848,-4.406613204788205,3.5215229103460435,-1.2513373665245267,0.21163771140846707,,0.8111708429311613,False,
rv_pre_60m,ALL,drift_30m_bps,362,0.052049772269015526,,-9.289603409973228,-1.7038326010869487,-4.352526959296743,4.9455799333505315,-0.8800842404639879,0.3794107368932881,0.38980509745127434,0.982169979132021,False,
rv_pre_60m,ALL,drift_60m_bps,362,0.05064070846516855,,-8.22684999172843,-1.2861520076399735,-4.675638442762295,5.828739969275097,-0.8021696743050608,0.4229929844696146,,0.982169979132021,False,
ret_pre_60m,CPI,ret_1m_bps,122,0.3767108480376411,18.294227834732613,-13.195489274996104,-0.9202737646246991,53.20166403856928,21.790581980610416,2.441498078661181,0.016110713122974775,,0.1999950594576179,False,
ret_pre_60m,CPI,ret_5m_bps,122,0.3498218679254641,20.42989319144388,-25.94159752324442,-1.6106089745491732,54.05282412853162,26.680355940537194,2.0259408925802846,0.045026257164518725,0.06946526736631684,0.39535250193235955,False,
ret_pre_60m,CPI,ret_15m_bps,122,0.2851766912822966,19.675658005474,-8.681451784443828,-0.47596369997377325,61.53578140809115,29.87457457100333,2.0598044421298174,0.04161669206149408,,0.37455022855344666,False,
ret_pre_60m,CPI,ret_30m_bps,122,0.29659935460229603,23.660521005589434,-0.15852150797148637,-0.00801787055540138,58.66474291161509,30.8417030705213,1.9021239773132772,0.05959264040210242,,0.48757614874447436,False,
ret_pre_60m,CPI,ret_60m_bps,122,0.3154835193784091,20.93996242761437,-12.85499312558453,-0.7215459834450333,75.84443610301835,29.86598434708135,2.5394922605465786,0.012401603628206961,,0.17858309224618021,False,
ret_pre_60m,CPI,drift_5m_bps,122,0.047985575660402624,2.1356653567100143,-12.7461082482506,-1.706407142702919,0.8511600899623175,10.10419354474454,0.0842383002852344,0.9330097152602936,,0.982169979132021,False,
ret_pre_60m,CPI,drift_15m_bps,122,0.02255844201604129,1.3814301707396075,4.514037490557326,0.47687194680896927,8.334117369522588,14.011018816961013,0.5948259351014316,0.5530987389502812,,0.982169979132021,False,
ret_pre_60m,CPI,drift_30m_bps,122,0.06702672816659261,5.3662931708565305,13.036967767029722,1.1280742986024201,5.463078873048878,14.736533324187363,0.3707166911557292,0.7115132237817624,0.743128435782109,0.982169979132021,False,
ret_pre_60m,CPI,drift_60m_bps,122,0.07895521781591897,2.6457345928811735,0.3404961494168462,0.030928202149742512,22.64277206444628,15.205109030406286,1.4891555212900212,0.1391143051424723,,0.7154449978755718,False,
ret_pre_60m,NFP,ret_1m_bps,121,0.033398091828242826,0.32640146170102785,-14.312834027289501,-1.2243641206794647,-0.9933616849427109,2.9694311386203784,-0.33452928812628896,0.7385791368792647,,0.982169979132021,False,
ret_pre_60m,NFP,ret_5m_bps,121,0.03792126676901486,-0.6166305506648807,-14.870528881762997,-1.0917484640633097,-5.302948600477663,16.94250415367597,-0.3129967419442595,0.7548403803049754,0.3078460769615192,0.982169979132021,False,
ret_pre_60m,NFP,ret_15m_bps,121,0.06703136156548661,-0.22113133696965026,-18.87284984513846,-1.3612005021377267,-5.3384860854651945,9.989569185845896,-0.5344060375525737,0.5940746841214009,,0.982169979132021,False,
ret_pre_60m,NFP,ret_30m_bps,121,0.06756920553421031,-0.4901797119102707,-23.934931769990854,-1.5200427093925124,-6.6741308722873125,12.783026703881392,-0.522108810917277,0.6025816743176627,,0.982169979132021,False,
ret_pre_60m,NFP,ret_60m_bps,121,0.07919267097964555,0.6876556191160746,-19.679222616903346,-1.2558964078976529,-3.412106258020119,11.44752214563079,-0.29806504976471504,0.7661821764733908,,0.982169979132021,False,
ret_pre_60m,NFP,drift_5m_bps,121,0.04058799980420902,-0.943032012365416,-0.5576948544752691,-0.0840196408874059,-4.309586915532739,15.295942209720202,-0.2817470709842314,0.7786351879532047,,0.982169979132021,False,
ret_pre_60m,NFP,drift_15m_bps,121,0.05313478167271979,-0.547532798670745,-4.560015817851826,-0.5881072092867233,-4.3451244005233995,8.499281657333317,-0.5112343108166508,0.6101504150400381,,0.982169979132021,False,
ret_pre_60m,NFP,drift_30m_bps,121,0.04897493058017666,-0.8165811736114023,-9.622097742701534,-0.8949940779024114,-5.680769187343648,11.355037854737054,-0.5002862394662793,0.6178132533762628,0.5582208895552224,0.982169979132021,False,
ret_pre_60m,NFP,drift_60m_bps,121,0.044755208145925485,0.3612541574151525,-5.366388589612735,-0.439807092237514,-2.4187445730761574,10.309374254570754,-0.23461604102729952,0.8149168505597071,,0.982169979132021,False,
ret_pre_60m,PCE,ret_1m_bps,119,0.22935887402947286,4.392140005686192,-8.681020880015641,-2.4038603769038986,7.485885922306186,5.302083186819871,1.411876362278679,0.16068649414641337,,0.7385762398409831,False,
ret_pre_60m,PCE,ret_5m_bps,119,0.1662655017066761,4.435156988664937,-5.892161328522759,-1.1437032707872357,10.801987916282032,5.819874229588522,1.856051778810649,0.06600612641593817,0.07196401799100449,0.5165696849942987,False,
ret_pre_60m,PCE,ret_15m_bps,119,0.12643990475773081,4.411456327459959,-11.33396010268702,-1.5458906799417274,11.975919030177694,7.036020439916094,1.70208701530158,0.09144088604764222,,0.5832665065377614,False,
ret_pre_60m,PCE,ret_30m_bps,119,0.0875252351175293,3.7851260275999716,-4.207120908424623,-0.33968774941942265,19.139075880511196,11.765525918215092,1.6267080633327713,0.10653621234383627,,0.6392172740630176,False,
ret_pre_60m,PCE,ret_60m_bps,119,0.1365733872533783,5.2422354530627535,-9.520687496161193,-0.5888361577052783,29.359109469789807,16.705306939703334,1.7574720162736015,0.0814984307811795,,0.5564753050587681,False,
ret_pre_60m,PCE,drift_5m_bps,119,0.01634695369827399,0.043016982980911514,2.788859551497072,0.7728283889271852,3.3161019939767904,3.4903973459179127,0.9500643237237835,0.3440719519839549,,0.982169979132021,False,
ret_pre_60m,PCE,drift_15m_bps,119,0.012747367300740664,0.019316321774576536,-2.652939222667265,-0.4509097394107015,4.49003310787691,7.956074112248834,0.564352850982653,0.5736130900280515,,0.982169979132021,False,
ret_pre_60m,PCE,drift_30m_bps,119,0.026692484782414705,-0.6070139780857952,4.4738999715939425,0.38582333275524444,11.65318995820815,11.907946264585794,0.9786061928130052,0.32982879266908194,0.3308345827086457,0.981478384223506,False,
ret_pre_60m,PCE,drift_60m_bps,119,0.06725231833666823,0.8500954473767106,-0.839666616144758,-0.05468610823378327,21.87322354748191,15.620400767188725,1.4002984861584018,0.16411619756888887,,0.7385762398409831,False,
ret_pre_60m,ALL,ret_1m_bps,362,0.23757536692048375,,-14.242172732855517,-2.3065537676866135,7.182439609498077,10.753822042231699,0.667896454050632,0.5046348907115022,,0.982169979132021,False,
ret_pre_60m,ALL,ret_5m_bps,362,0.21409921580878233,,-18.05361596682897,-2.5062047008438526,4.6309388567493555,18.49226923840356,0.2504256669123181,0.8024034580423566,0.6351824087956022,0.982169979132021,False,
ret_pre_60m,ALL,ret_15m_bps,362,0.18357966561924188,,-16.24353744872826,-1.9716300906157957,5.7409325540501905,16.908430279913212,0.3395307819242259,0.7344112562568385,,0.982169979132021,False,
ret_pre_60m,ALL,ret_30m_bps,362,0.1855307679330237,,-13.085425904458871,-1.3896673506381008,5.31004202073106,18.57438787462166,0.2858797854644897,0.7751374087642071,,0.982169979132021,False,
ret_pre_60m,ALL,ret_60m_bps,362,0.18978258098081957,,-18.541344096400458,-1.9051154077549306,11.506137262544206,21.86039072532848,0.5263463680551992,0.5989771813089855,,0.982169979132021,False,
ret_pre_60m,ALL,drift_5m_bps,362,0.026144621627250064,,-3.811443233973058,-1.1597218736598671,-2.551500752747047,8.472366609171837,-0.3011556121739227,0.7634726478526411,,0.982169979132021,False,
ret_pre_60m,ALL,drift_15m_bps,362,0.02305015577606906,,-2.001364715871036,-0.4604271903096531,-1.4415070554477474,6.853487458421275,-0.2103319024355235,0.8335296463368518,,0.982169979132021,False,
ret_pre_60m,ALL,drift_30m_bps,362,0.037329076247389015,,1.1567468283990425,0.18358410995589777,-1.8723975887655082,8.596934394834784,-0.21779828747913713,0.8277117659782075,0.7926036981509246,0.982169979132021,False,
ret_pre_60m,ALL,drift_60m_bps,362,0.04559095957300341,,-4.299171363542312,-0.6047860810572901,4.3236976530464215,11.893079413625761,0.3635473625184754,0.7164130482361915,,0.982169979132021,False,
