state,family,target,n,r2,b_x,c_state,t_state,d_interact,se_interact,t_interact,p_interact,p_perm,q_bh,primary_state,q_bh_primary,same_sign,horizon_sign_agreement,pass_fdr,pass_perm,pass_stability,pass_horizons,selected
rv_20d,CPI,ret_5m_bps,122,0.42271696578421003,34.88080295356988,-14.823945333445996,-1.0529144972212332,61.067199517069554,16.009337223968245,3.814473932477561,0.00021869579932902108,0.0004997501249375312,0.010497398367793013,True,0.010497398367793013,True,1.0,True,True,True,True,True
rv_20d,NFP,drift_30m_bps,121,0.0765796236194044,2.5788132646114685,-8.277489921268794,-1.0140405651470474,-12.167718403439721,4.07289341503118,-2.9874875582391276,0.0034276365307966444,0.01649175412293853,0.08226327673911947,True,0.08226327673911947,True,0.8888888888888888,True,True,True,True,True
overnight_ret,ALL,drift_30m_bps,362,0.056770822269923915,,4.109745815614168,0.7512130068866681,7.353725352566868,2.773910180658601,2.651032251816061,0.008385145920521496,0.02148925537231384,0.13416233472834393,True,0.13416233472834393,True,1.0,False,True,True,True,False
overnight_ret,CPI,ret_5m_bps,122,0.4273121277169768,30.23453765870824,-18.170043473172978,-1.008129092639373,72.14091895012797,29.031101284387162,2.4849528870241357,0.014358650074565854,0.033483258370814596,0.17230380089479025,True,0.17230380089479025,True,1.0,False,True,True,True,False
mom_20d,ALL,drift_30m_bps,362,0.05501866744186912,,5.536397503339722,1.0829008434033152,5.743831957938377,2.5584617430191448,2.24503335788023,0.025382844850378405,0.05347326336831584,0.24367531056363267,True,0.24367531056363267,True,0.8888888888888888,False,False,True,True,False
overnight_ret,CPI,drift_30m_bps,122,0.1362180846256904,7.3936795198464,4.517112174554648,0.4044088960339752,27.744436535724486,13.057613851812551,2.1247707927795116,0.03569213648880982,0.047476261869065464,0.28553709191047855,True,0.28553709191047855,False,1.0,False,True,False,True,False
rv_20d,CPI,drift_30m_bps,122,0.16884417104076477,9.01482405102698,-16.19898600868871,-1.6543956976623986,21.457553277145436,10.784083885241257,1.9897428011026081,0.048931863074070034,0.063968015992004,0.3355327753650516,True,0.3355327753650516,True,1.0,False,False,True,True,False
rv_pre_1d,NFP,ret_5m_bps,121,0.039912246501466075,3.363636823452423,1.0616332236995027,0.10905879250023802,-15.157697842465508,8.682396291092463,-1.7457965905122594,0.0834712957588152,0.04897551224387806,0.400662219642313,True,0.400662219642313,True,1.0,False,True,True,True,False
dd_60d,ALL,drift_30m_bps,362,0.05891196591790604,,9.816145263194805,1.8207972550548206,4.31789658521482,2.413110241321767,1.789349077914367,0.07441336555158996,0.1294352823588206,0.400662219642313,True,0.400662219642313,True,0.5555555555555556,False,False,True,False,False
overnight_ret,ALL,ret_5m_bps,362,0.2222587873760461,,-10.594312189969509,-1.4339720807180956,11.39556132059515,6.444822821862088,1.7681729406026798,0.0778932569052016,0.02448775612193903,0.400662219642313,True,0.400662219642313,True,1.0,False,True,True,True,False
dd_60d,CPI,ret_5m_bps,122,0.3475022211109323,24.485935136170074,19.225655487478544,1.2605435667459866,-41.8403292261076,25.259926278820775,-1.6563915810470393,0.10029937140683459,0.11744127936031984,0.4376699843207328,True,0.4376699843207328,True,1.0,False,False,True,True,False
rv_20d,PCE,ret_5m_bps,119,0.14383764640372854,5.242881169377654,5.570666806632172,1.3094928047776593,9.842414324224084,6.424816623974342,1.5319370030728818,0.12828435175326294,0.11744127936031984,0.44991638942505396,True,0.44991638942505396,True,0.5555555555555556,False,False,True,False,False
rv_pre_1d,NFP,drift_30m_bps,121,0.04762225488766347,2.6982900420317097,-0.5776179983085056,-0.07251796423693531,-12.09537690573095,7.957834792247446,-1.5199331503481717,0.13122561358230742,0.14942528735632185,0.44991638942505396,True,0.44991638942505396,True,1.0,False,False,True,True,False
mom_20d,PCE,drift_30m_bps,119,0.04156725006739448,-0.6060089551681673,-0.6301307130676911,-0.0687909484580665,12.017560905752093,7.873134298486689,1.5264011066167147,0.12965567240558837,0.12343828085957022,0.44991638942505396,True,0.44991638942505396,True,0.5555555555555556,False,False,True,False,False
rv_pre_1d,ALL,drift_30m_bps,362,0.059097688028209694,,-10.185578162846392,-1.9387095457761576,-8.051385159498448,5.726995734428199,-1.4058654018366095,0.16064118735039287,0.21539230384807595,0.49375064830305504,True,0.49375064830305504,True,0.7777777777777778,False,False,True,True,False
dd_60d,PCE,drift_30m_bps,119,0.04498356603446019,-0.838228131508098,8.431449716389851,0.8278040317539443,12.506792560173606,8.941501502006869,1.3987351629216334,0.1645835494343517,0.1679160419790105,0.49375064830305504,True,0.49375064830305504,True,0.5555555555555556,False,False,True,False,False
rv_20d,ALL,ret_5m_bps,362,0.2214238649031275,,-6.2624907716240745,-1.0048592130085772,15.936981159581656,11.938640936927632,1.3349074860176657,0.18276448338860082,0.04697651174412794,0.5160408942736964,True,0.5160408942736964,False,0.5555555555555556,False,True,False,False,False
mom_20d,PCE,ret_5m_bps,119,0.13084825316847948,4.490610947544088,-4.287846409507767,-0.8862665808090947,-7.7299556352535115,6.218725171053851,-1.2430129041936036,0.21639141589165004,0.239880059970015,0.5770437757110668,True,0.5770437757110668,False,0.5555555555555556,False,False,False,False,False
dd_60d,PCE,ret_5m_bps,119,0.15087371563399776,4.6785666101007,-8.610288934925093,-1.6657208416849962,-8.773254041011583,7.356727653286857,-1.1925484338259889,0.23550111867753357,0.24437781109445278,0.5949501945537691,True,0.5949501945537691,False,0.5555555555555556,False,False,False,False,False
rv_pre_1d,PCE,ret_5m_bps,119,0.14751726975702728,4.73641285812169,9.5718982069108,1.8855976271149422,6.77123112610058,5.980830926975255,1.1321555831916925,0.25992418196293304,0.2773613193403298,0.6238180367110393,True,0.6238180367110393,False,0.5555555555555556,False,False,False,False,False
rv_pre_1d,PCE,drift_30m_bps,119,0.0365425797027048,-0.869860244113167,-9.58262923272898,-0.9897517017874775,-9.494080853790566,9.242497478861964,-1.0272202806118136,0.3064725255348162,0.3258370814592704,0.6870608276266477,True,0.6870608276266477,True,0.5555555555555556,False,False,True,False,False
dd_60d,NFP,drift_30m_bps,121,0.05493079573643245,-0.1513957293107439,1.3734554680944426,0.1559723675579859,5.020240627777016,4.973872380066895,1.009322363777556,0.31490287932888017,0.2673663168415792,0.6870608276266477,True,0.6870608276266477,True,0.8888888888888888,False,False,True,True,False
rv_20d,NFP,ret_5m_bps,121,0.03221249560762107,2.2452648437262543,-1.5821571147838467,-0.1450729931738814,-9.321624869683486,10.160875373983904,-0.9174037203084637,0.36081835559992964,0.10794602698650675,0.7530122203824618,True,0.7530122203824618,True,0.8888888888888888,False,False,True,True,False
rv_20d,PCE,drift_30m_bps,119,0.052750861377569014,-1.705094780044586,-12.782511527273064,-1.340662502898313,-9.63038639976489,10.930120844575775,-0.88108690989854,0.38010852297322284,0.4012993503248376,0.7602170459464457,True,0.7602170459464457,True,0.5555555555555556,False,False,True,False,False
prev_x,ALL,drift_30m_bps,358,0.041478924185510024,,-0.5435587693386755,-0.09084118491295291,1.914422736163817,2.345739108038076,0.8161277311716894,0.4149821733385428,0.40229885057471265,0.7967657728100022,True,0.7967657728100022,False,0.7777777777777778,False,False,False,True,False
mom_20d,NFP,drift_30m_bps,121,0.04547461375960005,-1.2863275863345152,4.353188308436612,0.4961015345424033,4.578953539050376,6.926610592224536,0.6610669790200822,0.5098690066492764,0.4177911044477761,0.9064337895987136,True,0.9064337895987136,False,0.8888888888888888,False,False,False,True,False
overnight_ret,PCE,ret_5m_bps,119,0.129853750677702,4.061632366404915,-7.187459745586111,-1.5142861412705206,4.6714673208949655,6.996114570651768,0.6677231016901093,0.5056481619145609,0.5557221389305347,0.9064337895987136,True,0.9064337895987136,True,1.0,False,False,True,True,False
prev_x,CPI,drift_30m_bps,121,0.07742545081319607,8.031295727417625,-12.938844489707892,-1.067012146798066,8.413436807849408,13.499474239076742,0.6232418136326486,0.5343386697709979,0.5552223888055972,0.9160091481788536,True,0.9160091481788536,True,0.6666666666666666,False,False,True,True,False
rv_20d,ALL,drift_30m_bps,362,0.06328178317527322,,-13.645137382417547,-2.6247108486600856,-1.4568530433687537,6.786282350269923,-0.2146761611400987,0.8301434221338082,0.7881059470264867,0.9686328392887096,True,0.9686328392887096,False,0.5555555555555556,False,False,False,False,False
rv_pre_1d,CPI,ret_5m_bps,122,0.29147901446519997,26.57550622627277,-26.014022702543116,-2.13010937773451,11.835545131143343,25.23556785044773,0.4690025285455725,0.6399331895598857,0.6216891554222889,0.9686328392887096,True,0.9686328392887096,False,0.5555555555555556,False,False,False,False,False
rv_pre_1d,CPI,drift_30m_bps,122,0.09580296834935298,5.876556062277986,-20.08567714465528,-2.062778879475001,-3.6744483399448935,13.133824946679862,-0.2797698579707177,0.7801438996042689,0.791104447776112,0.9686328392887096,True,0.9686328392887096,False,0.5555555555555556,False,False,False,False,False
rv_pre_1d,ALL,ret_5m_bps,362,0.19780101557549346,,-5.900962139955991,-1.0164416058558186,1.323448889177525,9.945125287022258,0.133075134900969,0.8942095726313339,0.8340829585207397,0.9686328392887096,True,0.9686328392887096,False,0.7777777777777778,False,False,False,True,False
mom_20d,CPI,ret_5m_bps,122,0.2991423126874547,25.563052652323204,34.027239157118274,2.064715734519603,-7.460591952833906,36.974609458798994,-0.2017760853200433,0.8404392178444803,0.8210894552723638,0.9686328392887096,True,0.9686328392887096,False,0.6666666666666666,False,False,False,True,False
mom_20d,CPI,drift_30m_bps,122,0.07655980558786812,5.816616695081785,14.388284649142534,1.5207425849312879,7.26382730443887,16.292907585605146,0.44582756431126463,0.6565387481206371,0.7011494252873564,0.9686328392887096,True,0.9686328392887096,False,0.6666666666666666,False,False,False,True,False
mom_20d,NFP,ret_5m_bps,121,0.021916533830575124,-0.34183845864103213,-1.3462338278203514,-0.1007630541953163,2.7391624109489396,15.339875452792976,0.17856484033253428,0.8585882330851916,0.495752123938031,0.9686328392887096,True,0.9686328392887096,False,0.8888888888888888,False,False,False,True,False
dd_60d,CPI,drift_30m_bps,122,0.09711351042074123,5.165044623860768,18.31467219167756,1.8119562953373942,-5.15656351283431,12.477602839208922,-0.4132655590407649,0.6801621019177011,0.7091454272863568,0.9686328392887096,True,0.9686328392887096,True,1.0,False,False,True,True,False
dd_60d,NFP,ret_5m_bps,121,0.021612299443146576,0.38674189710520473,0.6925246439058351,0.05621167805419595,2.437406019406338,17.05020598667019,0.1429546376924652,0.8865719106024886,0.5702148925537232,0.9686328392887096,True,0.9686328392887096,True,0.8888888888888888,False,False,True,True,False
dd_60d,ALL,ret_5m_bps,362,0.20172776010780324,,7.274367849362561,0.9621013512388792,-3.6175219288814784,10.675875466763634,-0.338850143029827,0.7349235284500859,0.47276361819090457,0.9686328392887096,True,0.9686328392887096,False,0.5555555555555556,False,False,False,False,False
overnight_ret,NFP,ret_5m_bps,121,0.019087027616527252,0.06542573046581933,0.9362089356864599,0.08072040327247612,1.99666725837446,21.463999217564506,0.09302400909242203,0.9260435911237999,0.7451274362818591,0.9686328392887096,True,0.9686328392887096,False,0.7777777777777778,False,False,False,True,False
overnight_ret,NFP,drift_30m_bps,121,0.043596731040928094,-0.9137946585527775,9.636951724487107,1.0300885570480083,4.217486086102501,11.935982149962982,0.35334219112547693,0.7244677712441604,0.6636681659170415,0.9686328392887096,True,0.9686328392887096,True,0.7777777777777778,False,False,True,True,False
overnight_ret,PCE,drift_30m_bps,119,0.006498659741987045,-0.562981952414225,1.8043061319063611,0.19903897526383807,5.253046201662785,10.718601814276617,0.49008688751419066,0.6250061064813061,0.6391804097951025,0.9686328392887096,True,0.9686328392887096,False,1.0,False,False,False,True,False
prev_x,CPI,ret_5m_bps,121,0.27071617378348345,27.050712537959228,-15.114403655193334,-0.699246752945362,-3.0458406088986103,27.89323968703394,-0.10919637313820012,0.9132338000053118,0.8985507246376812,0.9686328392887096,True,0.9686328392887096,True,0.6666666666666666,False,False,True,True,False
prev_x,NFP,ret_5m_bps,119,0.02313610970257962,0.9139874612065204,12.620789537613398,0.9811845721346941,-0.49780717250798984,7.683289711298744,-0.06479088921714539,0.9484529884701948,0.8355822088955522,0.9686328392887096,True,0.9686328392887096,True,0.5555555555555556,False,False,True,False,False
prev_x,NFP,drift_30m_bps,119,0.03676902131066284,-0.03070980069560974,7.081597448404331,0.8422229273036809,1.4669444329364378,6.936430397702711,0.21148405575038678,0.8328839047544202,0.8095952023988006,0.9686328392887096,True,0.9686328392887096,False,0.5555555555555556,False,False,False,False,False
prev_x,PCE,ret_5m_bps,118,0.12146690891404865,4.102338078355841,-7.038024837943873,-1.3730403813161345,2.704593211058475,7.127595993517173,0.3794537756514831,0.7050568324114749,0.7371314342828585,0.9686328392887096,True,0.9686328392887096,False,0.5555555555555556,False,False,False,False,False
prev_x,PCE,drift_30m_bps,118,0.01369620731706489,-0.32419531414718167,8.419653402303625,0.832686158736986,-0.8244971801693949,9.492257767245155,-0.0868599652881825,0.9309352053652035,0.9375312343828086,0.9686328392887096,True,0.9686328392887096,False,0.5555555555555556,False,False,False,False,False
prev_x,ALL,ret_5m_bps,358,0.19870864791920795,,-5.532522972340825,-0.5864446643914318,0.25487667693898136,2.548614533083523,0.10000597329664077,0.9203968405846781,0.9075462268865567,0.9686328392887096,True,0.9686328392887096,True,0.7777777777777778,False,False,True,True,False
mom_20d,ALL,ret_5m_bps,362,0.2011564782372357,,10.169615209707144,1.4214247710981136,0.049415270763466454,11.125096376232348,0.004441783611784004,0.9964584830715425,0.993503248375812,0.9964584830715425,True,0.9964584830715425,True,0.8888888888888888,False,False,True,True,False
