state,family,target,n_early,d_interact_early,t_interact_early,n_late,d_interact_late,t_interact_late,same_sign
rv_20d,CPI,ret_1m_bps,58,-1.586788595116633,-0.2409159187151044,64,2.5995095510708772,0.1004489973564555,False
rv_20d,CPI,ret_5m_bps,58,-1.8855469519063182,-0.2697316408188404,64,1.7992633996298926,0.06429293543513116,False
rv_20d,CPI,ret_15m_bps,58,-3.2205559449311,-0.3485881037423751,64,-1.1269618604305993,-0.03794242161076159,True
rv_20d,CPI,ret_30m_bps,58,-5.991328376665408,-0.6444996308725559,64,-3.106171968517507,-0.10176406192162901,True
rv_20d,CPI,ret_60m_bps,58,-3.4240399587249635,-0.32431255636290945,64,-7.115270620590747,-0.22308649295672772,True
rv_20d,CPI,drift_5m_bps,58,-0.29875835678968443,-0.1582519656654307,64,-0.8002461514409859,-0.201811708679973,True
rv_20d,CPI,drift_15m_bps,58,-1.6337673498144656,-0.3582815497374915,64,-3.726471411501471,-0.6567015096182418,True
rv_20d,CPI,drift_30m_bps,58,-4.404539781548775,-1.150602619363275,64,-5.705681519588381,-0.7466045020554841,True
rv_20d,CPI,drift_60m_bps,58,-1.837251363608328,-0.3961817713395534,64,-9.714780171661625,-1.0161149826071967,True
rv_20d,NFP,ret_1m_bps,59,2.221470302849196,0.3103088508468071,61,-164.43701666510847,-1.3995289072627592,False
rv_20d,NFP,ret_5m_bps,59,1.2671685315609231,0.2149847783106814,61,-232.82295756741806,-1.8425309015576208,False
rv_20d,NFP,ret_15m_bps,59,1.6709017463370182,0.22727940792196355,61,-211.89056785943296,-1.7210593590231866,False
rv_20d,NFP,ret_30m_bps,59,0.7009927825196159,0.1058967049294,61,-267.35538202624736,-2.1088937604005715,False
rv_20d,NFP,ret_60m_bps,59,0.9430293006465964,0.1635654330333128,61,-235.94879776884602,-2.0887167801371938,False
rv_20d,NFP,drift_5m_bps,59,-0.9543017712882731,-0.6604359820401782,61,-68.38594090230956,-1.8022888642478474,True
rv_20d,NFP,drift_15m_bps,59,-0.5505685565121782,-1.166370092861643,61,-47.453551194324504,-1.179728804717494,True
rv_20d,NFP,drift_30m_bps,59,-1.5204775203295804,-0.9916079403364418,61,-102.9183653611389,-2.101204857480851,True
rv_20d,NFP,drift_60m_bps,59,-1.2784410022025996,-0.6153504387046986,61,-71.51178110373755,-1.0195064372123857,True
rv_20d,PCE,ret_1m_bps,46,0.19901436173523787,0.09852710330384783,61,-0.2430676730935522,-0.06406653605129405,False
rv_20d,PCE,ret_5m_bps,46,1.5332921659247964,0.7343155098959385,61,1.9625640024082296,0.4231739285894002,True
rv_20d,PCE,ret_15m_bps,46,2.734961763819597,1.3204709783138373,61,-8.542562327126989,-1.1577978197850274,False
rv_20d,PCE,ret_30m_bps,46,1.6033347341037536,0.5189525822799664,61,-4.010470426572238,-0.6301434322595416,False
rv_20d,PCE,ret_60m_bps,46,4.701076320578326,1.2030611217037888,61,-11.098337817431224,-2.0524790191043865,False
rv_20d,PCE,drift_5m_bps,46,1.3342778041895584,0.6330427485457153,61,2.205631675501781,0.8399926945151751,True
rv_20d,PCE,drift_15m_bps,46,2.5359474020843593,1.0316260195831564,61,-8.299494654033436,-1.6154126694239583,False
rv_20d,PCE,drift_30m_bps,46,1.4043203723685167,0.4051134646986541,61,-3.7674027534786876,-0.8644261101468409,False
rv_20d,PCE,drift_60m_bps,46,4.502061958843089,0.9745412990601984,61,-10.85527014433767,-3.6836442779991683,False
rv_20d,ALL,ret_1m_bps,163,2.0575843463197576,0.4543157163739278,186,-2.252739079668408,-0.18273915975134608,False
rv_20d,ALL,ret_5m_bps,163,1.2241387936426875,0.30516258262040546,186,-2.644566909437776,-0.19531883300139158,False
rv_20d,ALL,ret_15m_bps,163,1.6339816281373105,0.3513463747251639,186,-9.018980450225484,-0.6157974915806106,False
rv_20d,ALL,ret_30m_bps,163,0.5802779958130103,0.14028005088848722,186,-7.810350449991073,-0.52774277844601,False
rv_20d,ALL,ret_60m_bps,163,1.173535018333112,0.31573720053783805,186,-13.361777734969932,-0.8659039691813344,False
rv_20d,ALL,drift_5m_bps,163,-0.8334455526770695,-1.1339461969602471,186,-0.3918278297693687,-0.15503602563239446,True
rv_20d,ALL,drift_15m_bps,163,-0.4236027181824461,-0.9254681964938825,186,-6.766241370557078,-1.747900536723384,True
rv_20d,ALL,drift_30m_bps,163,-1.477306350506747,-1.0870796378572938,186,-5.557611370322668,-1.2875072445543947,True
rv_20d,ALL,drift_60m_bps,163,-0.8840493279866454,-0.605752665357457,186,-11.109038655301521,-2.2088013852216997,True
rv_pre_1d,CPI,ret_1m_bps,58,-1.6451159208973838,-0.3804044851613132,64,-22.43329317146707,-0.9735703169242684,True
rv_pre_1d,CPI,ret_5m_bps,58,-0.44755898998454136,-0.09110610120405016,64,-28.660267914205917,-1.1691098094974237,True
rv_pre_1d,CPI,ret_15m_bps,58,0.1825392630113789,0.029472998317415792,64,-29.102732603797246,-1.11634754406474,False
rv_pre_1d,CPI,ret_30m_bps,58,-2.3328510525404575,-0.3436452646163652,64,-32.23156202925678,-1.227953157432421,True
rv_pre_1d,CPI,ret_60m_bps,58,-2.3693631067455523,-0.3158532582646172,64,-25.9124471756573,-0.9087569877786631,True
rv_pre_1d,CPI,drift_5m_bps,58,1.1975569309128422,0.5244470722153136,64,-6.226974742738846,-1.3851211399973837,False
rv_pre_1d,CPI,drift_15m_bps,58,1.8276551839087631,0.4395946807913782,64,-6.669439432330178,-1.0397510676549186,False
rv_pre_1d,CPI,drift_30m_bps,58,-0.6877351316430718,-0.16267986110898341,64,-9.798268857789706,-1.3347686910997332,True
rv_pre_1d,CPI,drift_60m_bps,58,-0.7242471858481684,-0.15615509197988967,64,-3.4791540041902334,-0.4136968052766797,True
rv_pre_1d,NFP,ret_1m_bps,59,0.5920423738883688,0.24863391268737955,61,1.3696560709425998,0.012391162518239853,True
rv_pre_1d,NFP,ret_5m_bps,59,-1.2790023321588806,-0.4912900759764727,61,-6.7024125868667,-0.04371106335106517,True
rv_pre_1d,NFP,ret_15m_bps,59,-1.3356657443330284,-0.5390521585618053,61,10.974473917644808,0.05735675707525902,False
rv_pre_1d,NFP,ret_30m_bps,59,-3.7426655533102915,-1.3299430118593312,61,-15.45860977154773,-0.07457601470295812,True
rv_pre_1d,NFP,ret_60m_bps,59,-3.3537392050507653,-0.9393063784556696,61,-54.88837783123323,-0.24377027370484916,True
rv_pre_1d,NFP,drift_5m_bps,59,-1.8710447060472502,-1.3052241858501468,61,-8.072068657809302,-0.1680414867120203,True
rv_pre_1d,NFP,drift_15m_bps,59,-1.9277081182213973,-1.397918162749296,61,9.604817846702215,0.11253367960117687,False
rv_pre_1d,NFP,drift_30m_bps,59,-4.33470792719866,-2.5551421583116873,61,-16.82826584249034,-0.16481186499061104,True
rv_pre_1d,NFP,drift_60m_bps,59,-3.9457815789391346,-1.5764439252021274,61,-56.25803390217583,-0.46472703820523636,True
rv_pre_1d,PCE,ret_1m_bps,46,-0.5291966688008333,-0.30190346680533764,61,-2.835874966477686,-0.5819608790132111,True
rv_pre_1d,PCE,ret_5m_bps,46,-1.3767672801472124,-0.5661762097524465,61,-3.873584538924254,-0.6883713361011499,True
rv_pre_1d,PCE,ret_15m_bps,46,-0.9345310152922877,-0.34629611650605624,61,-11.49439988476285,-1.338326007892922,True
rv_pre_1d,PCE,ret_30m_bps,46,-2.160291648695867,-0.6793686773207235,61,-9.0292486485091,-1.5407063448398552,True
rv_pre_1d,PCE,ret_60m_bps,46,1.0437690781902782,0.2903451044877563,61,-13.141494804824346,-2.3344619927739627,False
rv_pre_1d,PCE,drift_5m_bps,46,-0.8475706113463788,-0.49226988123799464,61,-1.0377095724465673,-0.6440866245820471,True
rv_pre_1d,PCE,drift_15m_bps,46,-0.4053343464914543,-0.14929646778442543,61,-8.658524918285165,-1.702473107957299,True
rv_pre_1d,PCE,drift_30m_bps,46,-1.631094979895034,-0.48067113327255306,61,-6.193373682031414,-2.0746556452743903,True
rv_pre_1d,PCE,drift_60m_bps,46,1.5729657469911114,0.39816606551498357,61,-10.305619838346662,-2.880723215367677,False
rv_pre_1d,ALL,ret_1m_bps,163,0.14751928270986037,0.08195145475688179,186,-11.040793648353876,-0.9857652823160737,False
rv_pre_1d,ALL,ret_5m_bps,163,-1.1952681226832862,-0.617466878891859,186,-15.162593527624315,-1.257855182054884,True
rv_pre_1d,ALL,ret_15m_bps,163,-1.1565584877416413,-0.5880501578261746,186,-18.75586571662971,-1.4798235504513437,True
rv_pre_1d,ALL,ret_30m_bps,163,-3.366648224248782,-1.543237404149668,186,-19.739201253954693,-1.5464019628916856,True
rv_pre_1d,ALL,ret_60m_bps,163,-2.601699204184405,-0.9898138845264988,186,-19.486307795739567,-1.4748345156744975,True
rv_pre_1d,ALL,drift_5m_bps,163,-1.3427874053931455,-1.5137731668640515,186,-4.121799879270441,-1.8102829981970523,True
rv_pre_1d,ALL,drift_15m_bps,163,-1.3040777704515008,-1.2828196993517758,186,-7.715072068275835,-1.9559365642758606,True
rv_pre_1d,ALL,drift_30m_bps,163,-3.514167506958641,-2.878377748038616,186,-8.698407605600817,-2.2064040793922493,True
rv_pre_1d,ALL,drift_60m_bps,163,-2.749218486894265,-1.6016237121619368,186,-8.445514147385687,-1.8557332986468724,True
mom_20d,CPI,ret_1m_bps,58,-4.974845390113107,-0.920259505276517,64,-23.762799099269113,-1.1589049416082582,True
mom_20d,CPI,ret_5m_bps,58,-7.540453000814784,-1.174364363848875,64,-38.07052030091536,-1.7109757457478807,True
mom_20d,CPI,ret_15m_bps,58,-10.667083675265975,-1.2407177271957086,64,-31.519842111600415,-1.2509927096446671,True
mom_20d,CPI,ret_30m_bps,58,-10.979342058191646,-1.3056415193368482,64,-41.99682976952949,-1.60862533335114,True
mom_20d,CPI,ret_60m_bps,58,-9.351129178443136,-0.9782809050502478,64,-47.97080756899164,-1.7882791220354377,True
mom_20d,CPI,drift_5m_bps,58,-2.565607610701679,-1.2477009253391667,64,-14.307721201646238,-2.557001410578367,True
mom_20d,CPI,drift_15m_bps,58,-5.692238285152867,-1.3958340766300235,64,-7.7570430123313105,-0.9275334856558282,True
mom_20d,CPI,drift_30m_bps,58,-6.004496668078538,-1.342107635437714,64,-18.234030670260378,-1.7989512218469141,True
mom_20d,CPI,drift_60m_bps,58,-4.3762837883300305,-0.778823978266195,64,-24.20800846972252,-2.0813886201182945,True
mom_20d,NFP,ret_1m_bps,59,2.240978234573241,0.6701095404029308,61,63.17554406002802,0.7685956834494247,True
mom_20d,NFP,ret_5m_bps,59,1.608235136679937,0.5353248382903487,61,53.898901094895855,0.5920005693693593,True
mom_20d,NFP,ret_15m_bps,59,1.8322407315218532,0.8683422376324756,61,60.97371596845599,0.5726679805944207,True
mom_20d,NFP,ret_30m_bps,59,1.652993010591596,0.2945247982956693,61,33.55986838128759,0.3025447050794948,True
mom_20d,NFP,ret_60m_bps,59,1.6933054459507635,0.34331494568315835,61,78.7790329965085,0.6839350608949246,True
mom_20d,NFP,drift_5m_bps,59,-0.6327430978933035,-0.16928374962608003,61,-9.276642965132154,-0.3767495581941749,True
mom_20d,NFP,drift_15m_bps,59,-0.4087375030513875,-0.19026463390922196,61,-2.201828091572026,-0.05796203127838324,True
mom_20d,NFP,drift_30m_bps,59,-0.5879852239816449,-0.0806504374657265,61,-29.615675678740438,-0.6420239563731878,True
mom_20d,NFP,drift_60m_bps,59,-0.547672788622477,-0.08117157596308262,61,15.603488936480478,0.3229824413030379,False
mom_20d,PCE,ret_1m_bps,46,0.9866911405798875,0.5109728212751243,61,-4.024050161730659,-1.0450378563273088,False
mom_20d,PCE,ret_5m_bps,46,-0.10268650849922804,-0.05897543232926559,61,-4.337380351569001,-0.9956736360772822,True
mom_20d,PCE,ret_15m_bps,46,-2.5446322496391796,-2.1241226580953465,61,-3.9774357155527067,-0.5001228786253609,True
mom_20d,PCE,ret_30m_bps,46,-3.090254070448622,-1.7129373524532676,61,-7.899736339787784,-1.1464418234806175,True
mom_20d,PCE,ret_60m_bps,46,-4.149553220633572,-1.5015867239822416,61,-8.897342498169992,-1.1196102997031983,True
mom_20d,PCE,drift_5m_bps,46,-1.0893776490791152,-0.6895752329540025,61,-0.3133301898383418,-0.2200793792101544,True
mom_20d,PCE,drift_15m_bps,46,-3.5313233902190664,-1.6528144788425911,61,0.04661444617795147,0.008374883316689723,False
mom_20d,PCE,drift_30m_bps,46,-4.07694521102851,-1.3377163597695878,61,-3.8756861780571246,-0.8575614005264427,True
mom_20d,PCE,drift_60m_bps,46,-5.136244361213458,-2.15345636866858,61,-4.873292336439335,-0.7897938379031034,True
mom_20d,ALL,ret_1m_bps,163,1.9495687336295906,0.7953674062194117,186,-11.325348755631955,-1.3701597116733253,False
mom_20d,ALL,ret_5m_bps,163,1.1835181848422127,0.3452118454412018,186,-15.918328050672159,-1.6716525040077865,False
mom_20d,ALL,ret_15m_bps,163,1.2212901082210461,0.3253896804180416,186,-13.504815167616684,-1.2129090733343495,False
mom_20d,ALL,ret_30m_bps,163,0.97700867610564,0.15849263201411656,186,-18.997486320644576,-1.688631622125297,False
mom_20d,ALL,ret_60m_bps,163,1.0212313620012428,0.1741730240664192,186,-21.72792638141249,-1.8157612285049975,False
mom_20d,ALL,drift_5m_bps,163,-0.7660505487873772,-0.3286372590560204,186,-4.592979295040205,-2.001117616961332,True
mom_20d,ALL,drift_15m_bps,163,-0.7282786254085429,-0.2490398127354679,186,-2.1794664119847287,-0.48623514530965917,True
mom_20d,ALL,drift_30m_bps,163,-0.9725600575239496,-0.1733123340682482,186,-7.672137565012615,-1.6748900591057705,True
mom_20d,ALL,drift_60m_bps,163,-0.9283373716283467,-0.1716066932135775,186,-10.402577625780532,-1.8079084498836224,True
dd_60d,CPI,ret_1m_bps,58,1.1993672793131844,0.134509834455774,64,10.79797867411014,0.39214512469633905,True
dd_60d,CPI,ret_5m_bps,58,-5.45324850729326,-0.6093607189668354,64,5.147621456033914,0.1696520189876147,False
dd_60d,CPI,ret_15m_bps,58,-6.188889910433286,-0.478875657307582,64,6.834103048917807,0.21473437522455274,False
dd_60d,CPI,ret_30m_bps,58,-2.6755707256978094,-0.2342731209058156,64,2.77742966902073,0.08414433678303514,False
dd_60d,CPI,ret_60m_bps,58,-2.3673535265021166,-0.18189500739028372,64,-3.681579011498762,-0.1033025519061909,True
dd_60d,CPI,drift_5m_bps,58,-6.652615786606445,-3.0395076240087895,64,-5.650357218076229,-0.9256794609959471,True
dd_60d,CPI,drift_15m_bps,58,-7.388257189746473,-1.5431386018676239,64,-3.963875625192336,-0.6305762538520748,True
dd_60d,CPI,drift_30m_bps,58,-3.8749380050109945,-0.8485117958275586,64,-8.020549005089414,-0.8894431555040379,True
dd_60d,CPI,drift_60m_bps,58,-3.566720805815301,-0.5798906360818407,64,-14.479557685608903,-1.5308057980767176,True
dd_60d,NFP,ret_1m_bps,59,1.433475452147113,0.1416502167629624,61,106.87850406803604,1.1107513289951731,True
dd_60d,NFP,ret_5m_bps,59,1.0474997101027557,0.10045045811118221,61,101.60413831810943,0.9136825733982165,True
dd_60d,NFP,ret_15m_bps,59,1.4171280994241984,0.20493795723133226,61,99.85668960652136,0.7628556885169301,True
dd_60d,NFP,ret_30m_bps,59,1.5252049060605595,0.18468626688277104,61,121.25411259567638,0.9201127178603082,True
dd_60d,NFP,ret_60m_bps,59,1.6272075709020053,0.24508176209737897,61,174.02112015042871,1.2913873920781884,True
dd_60d,NFP,drift_5m_bps,59,-0.3859757420443573,-0.2217978684689202,61,-5.27436574992657,-0.20285124134280494,True
dd_60d,NFP,drift_15m_bps,59,-0.01634735272291479,-0.004949804847925971,61,-7.021814461514675,-0.13734043759366152,True
dd_60d,NFP,drift_30m_bps,59,0.09172945391344636,0.02832929063721804,61,14.375608527640374,0.25100673006618823,True
dd_60d,NFP,drift_60m_bps,59,0.19373211875489205,0.047811129628861415,61,67.14261608239269,1.0654236387574165,True
dd_60d,PCE,ret_1m_bps,46,0.4559683528089066,0.31680027309457787,61,-3.0672650765244125,-0.8383410859182472,False
dd_60d,PCE,ret_5m_bps,46,-0.012552029501552162,-0.006270179019335183,61,-3.8144122300248324,-0.849298658168469,True
dd_60d,PCE,ret_15m_bps,46,-1.0714979031749927,-0.6897544517642653,61,-3.7995752883377194,-0.4272557061805135,True
dd_60d,PCE,ret_30m_bps,46,-1.9451399302130026,-1.0026253939821657,61,-8.738609447194685,-1.0375612009055841,True
dd_60d,PCE,ret_60m_bps,46,-2.793106621059322,-1.3457613111955258,61,-6.7910561140198835,-0.8446880067686205,True
dd_60d,PCE,drift_5m_bps,46,-0.46852038231045867,-0.28278504857180925,61,-0.7471471535004204,-0.4582640786970478,True
dd_60d,PCE,drift_15m_bps,46,-1.527466255983899,-0.8980922882188002,61,-0.7323102118133055,-0.11068725574628478,True
dd_60d,PCE,drift_30m_bps,46,-2.4011082830219097,-1.063624204237349,61,-5.671344370670272,-0.9354466009281719,True
dd_60d,PCE,drift_60m_bps,46,-3.2490749738682285,-1.5284647439506578,61,-3.723791037495472,-0.5841509266908513,True
dd_60d,ALL,ret_1m_bps,163,1.3199903881751975,0.23293936805500928,186,4.597957131340048,0.37062671576739736,True
dd_60d,ALL,ret_5m_bps,163,0.6344990099620462,0.09587561133523335,186,1.6564288776928757,0.12423553092793785,True
dd_60d,ALL,ret_15m_bps,163,0.9671397189385547,0.17608678737283692,186,2.610358338294867,0.18322885564057217,True
dd_60d,ALL,ret_30m_bps,163,1.0673763914814423,0.17452473628345272,186,-1.4326135390779766,-0.09705116148641517,False
dd_60d,ALL,ret_60m_bps,163,1.1787216781844039,0.21391842732554478,186,-3.4355388216740863,-0.22027053457847207,False
dd_60d,ALL,drift_5m_bps,163,-0.685491378213151,-0.3562534610131175,186,-2.94152825364717,-1.1062979166805642,True
dd_60d,ALL,drift_15m_bps,163,-0.3528506692366431,-0.2360938371299182,186,-1.9875987930451795,-0.48618855127117694,True
dd_60d,ALL,drift_30m_bps,163,-0.25261399669375545,-0.09059247312765309,186,-6.030570670418025,-1.2855649360310535,True
dd_60d,ALL,drift_60m_bps,163,-0.14126870999079344,-0.05344739280590683,186,-8.033495953014134,-1.6306109601372036,True
overnight_ret,CPI,ret_1m_bps,58,2.1650216815522363,0.2780277269691817,64,25.044130017659903,1.2238113499551142,True
overnight_ret,CPI,ret_5m_bps,58,3.5832890739190986,0.5939655307670854,64,27.91192456151736,1.340392475649286,True
overnight_ret,CPI,ret_15m_bps,58,2.476840183410239,0.3880020175506989,64,30.07097895878714,1.2724908429439314,True
overnight_ret,CPI,ret_30m_bps,58,3.1797721887611496,0.4675520825835869,64,44.7078015649264,1.776308326204688,True
overnight_ret,CPI,ret_60m_bps,58,8.247811702524608,1.143182906348986,64,45.510872326417484,1.5677430928310043,True
overnight_ret,CPI,drift_5m_bps,58,1.4182673923668618,0.5009110902493857,64,2.867794543857465,0.27980070313483374,True
overnight_ret,CPI,drift_15m_bps,58,0.3118185018580027,0.09340454636047829,64,5.026848941127232,0.615410876840531,True
overnight_ret,CPI,drift_30m_bps,58,1.0147505072089151,0.2275979152490018,64,19.6636715472665,1.5218668974362402,True
overnight_ret,CPI,drift_60m_bps,58,6.082790020972372,1.8031629225007664,64,20.466742308757585,1.4969034029618864,True
overnight_ret,NFP,ret_1m_bps,59,1.8982369722149015,0.7314381647189862,61,-77.89248645142084,-0.9499320678910246,False
overnight_ret,NFP,ret_5m_bps,59,1.8665598839516555,0.49103993000012564,61,-108.30673957985931,-1.0860098880810878,False
overnight_ret,NFP,ret_15m_bps,59,1.8922967612016108,0.8044555640429447,61,-113.07619948672222,-1.2468311901214582,False
overnight_ret,NFP,ret_30m_bps,59,1.9972703875328064,0.7171661370994988,61,-115.96338463153954,-1.154102305844408,False
overnight_ret,NFP,ret_60m_bps,59,1.9178421398927803,0.5327500627472862,61,-130.32703753489423,-1.205848403741566,False
overnight_ret,NFP,drift_5m_bps,59,-0.03167708826324617,-0.01175583873930984,61,-30.41425312843845,-0.7341840531658443,True
overnight_ret,NFP,drift_15m_bps,59,-0.00594021101329055,-0.006583415780026378,61,-35.183713035301366,-0.8618468727524379,True
overnight_ret,NFP,drift_30m_bps,59,0.09903341531790502,0.044160990293650955,61,-38.07089818011868,-0.5982634542572326,False
overnight_ret,NFP,drift_60m_bps,59,0.019605167677878576,0.005515786364192341,61,-52.43455108347339,-0.6283733063014132,False
overnight_ret,PCE,ret_1m_bps,46,-1.9300243268656774,-0.8838396131992328,61,-3.225424512280345,-0.8711860585642591,True
overnight_ret,PCE,ret_5m_bps,46,-3.0127318457319023,-1.2757772529219271,61,-1.487687242906718,-0.36044839499659836,True
overnight_ret,PCE,ret_15m_bps,46,-3.021018282908499,-1.7988595514440195,61,-3.9633499915121417,-0.5748462457710287,True
overnight_ret,PCE,ret_30m_bps,46,1.080455691344028,0.47710147931503943,61,-3.989191774593035,-0.7722217493956544,False
overnight_ret,PCE,ret_60m_bps,46,-2.745019962348958,-0.7876527143720023,61,-3.92786639272246,-0.6785884463473358,True
overnight_ret,PCE,drift_5m_bps,46,-1.082707518866224,-0.5777500010253079,61,1.737737269373627,0.870553226839326,False
overnight_ret,PCE,drift_15m_bps,46,-1.0909939560428212,-0.3962937832686797,61,-0.737925479231797,-0.13488655757215756,True
overnight_ret,PCE,drift_30m_bps,46,3.010480018209705,0.9369654469365049,61,-0.7637672623126901,-0.2204032126905993,False
overnight_ret,PCE,drift_60m_bps,46,-0.8149956354832797,-0.22823804915589602,61,-0.7024418804421146,-0.14374886900091743,True
overnight_ret,ALL,ret_1m_bps,163,1.9266132404948535,0.7955354609038665,186,11.363123430541666,1.3840280332857369,True
overnight_ret,ALL,ret_5m_bps,163,1.8368533890733405,0.7369822445329272,186,13.501655827273856,1.564835668471725,True
overnight_ret,ALL,ret_15m_bps,163,1.7628144347326842,0.884351483840992,186,12.319972418954617,1.211415746217784,True
overnight_ret,ALL,ret_30m_bps,163,1.941832162504534,0.8631031768177538,186,18.6130487239825,1.846597408665788,True
overnight_ret,ALL,ret_60m_bps,163,1.9379665721505648,0.8950725219938686,186,19.162958032477285,1.6309118075275082,True
overnight_ret,ALL,drift_5m_bps,163,-0.08975985142151383,-0.05486014255564012,186,2.1385323967321916,0.5827805312314839,False
overnight_ret,ALL,drift_15m_bps,163,-0.16379880576216893,-0.18866101497580137,186,0.9568489884129532,0.2185206269475982,False
overnight_ret,ALL,drift_30m_bps,163,0.01521892200968065,0.009437010544404406,186,7.249925293440841,1.5063727244262777,True
overnight_ret,ALL,drift_60m_bps,163,0.01135333165571126,0.006741593563001341,186,7.7998346019356175,1.3363635418650954,True
prev_x,CPI,ret_1m_bps,57,2.4617427502870948,0.32247780922578545,64,25.183810995130415,1.648057074706401,True
prev_x,CPI,ret_5m_bps,57,1.1952799661500657,0.14550347560617605,64,21.833542397931105,1.2602747115862671,True
prev_x,CPI,ret_15m_bps,57,-1.4788851027393561,-0.1752572909565914,64,24.399293947931888,1.3921108168324074,False
prev_x,CPI,ret_30m_bps,57,-2.185609532812276,-0.23601822903112615,64,22.966821787802942,1.1568168883035692,False
prev_x,CPI,ret_60m_bps,57,-0.9086101041709609,-0.07363806548807096,64,28.234138386706874,1.44399702641769,False
prev_x,CPI,drift_5m_bps,57,-1.2664627841370288,-0.43181295409488357,64,-3.350268597199317,-0.46584887539952785,True
prev_x,CPI,drift_15m_bps,57,-3.940627853026448,-1.046997478236838,64,-0.7845170471985292,-0.1387016309573088,True
prev_x,CPI,drift_30m_bps,57,-4.647352283099369,-1.0571518705164997,64,-2.216989207327474,-0.24980733005489156,True
prev_x,CPI,drift_60m_bps,57,-3.370352854458056,-0.5619301239834268,64,3.0503273915764586,0.3618243313800165,False
prev_x,NFP,ret_1m_bps,58,0.372912271640857,0.02755465456582844,60,124.29440026462703,0.5510714860336623,True
prev_x,NFP,ret_5m_bps,58,0.5095649043158242,0.046585917685825276,60,248.85718487460244,1.0080170009306602,True
prev_x,NFP,ret_15m_bps,58,0.7544385714179842,0.0671369399314725,60,188.118083732815,0.8316049395458115,True
prev_x,NFP,ret_30m_bps,58,1.2434198931715554,0.12844439125566356,60,284.1243894228703,1.1623249508866402,True
prev_x,NFP,ret_60m_bps,58,1.208774855745538,0.12504547172998234,60,274.00368692161175,0.9564667340633126,True
prev_x,NFP,drift_5m_bps,58,0.13665263267496702,0.05242277971782849,60,124.56278460997548,1.43107987713704,True
prev_x,NFP,drift_15m_bps,58,0.38152629977712715,0.16332820701680206,60,63.82368346818802,0.5495637793567816,True
prev_x,NFP,drift_30m_bps,58,0.8705076215306983,0.22371019793548985,60,159.82998915824325,1.0126828445154996,True
prev_x,NFP,drift_60m_bps,58,0.835862584104681,0.21275579901129085,60,149.70928665698483,1.0067704086478946,True
prev_x,PCE,ret_1m_bps,45,1.8806788943581867,0.9997519214383525,61,-5.6452545455095855,-1.1101614112875915,False
prev_x,PCE,ret_5m_bps,45,0.2326072723144653,0.08351088287915864,61,-6.6452545244015075,-1.2504832799211745,False
prev_x,PCE,ret_15m_bps,45,0.22941545383262021,0.09180103069526316,61,-10.15537156587226,-1.28488364690649,False
prev_x,PCE,ret_30m_bps,45,2.98806550317469,1.2564463278129538,61,-4.7237338495215235,-0.5769714133487533,False
prev_x,PCE,ret_60m_bps,45,5.591902020561644,1.2297590289402804,61,-8.547719240004701,-0.957087081103921,False
prev_x,PCE,drift_5m_bps,45,-1.648071622043721,-0.5670874169498448,61,-0.999999978891921,-0.5673813024613795,True
prev_x,PCE,drift_15m_bps,45,-1.6512634405255666,-0.4918931721254105,61,-4.510117020362676,-0.8945390182319859,True
prev_x,PCE,drift_30m_bps,45,1.107386608816504,0.30853075608577657,61,0.9215206959880636,0.19195645601850014,True
prev_x,PCE,drift_60m_bps,45,3.7112231262034583,0.8947092544455425,61,-2.902464694495117,-0.587414714326563,False
prev_x,ALL,ret_1m_bps,160,0.43121809920321963,0.044895320236217555,185,10.79705195971486,1.059605762090196,True
prev_x,ALL,ret_5m_bps,160,0.42334402990320164,0.05772016063018713,185,7.94982360599627,0.7323583213188006,True
prev_x,ALL,ret_15m_bps,160,0.6380927032372806,0.08932675031044054,185,7.346702134642098,0.6017348453155419,True
prev_x,ALL,ret_30m_bps,160,1.0585801234888008,0.1693407752754796,185,9.863191926182783,0.8019644634999655,True
prev_x,ALL,ret_60m_bps,160,1.048368096895266,0.1519033373162847,185,10.464485202194027,0.7947228268087468,True
prev_x,ALL,drift_5m_bps,160,-0.007874069300017855,-0.0034547946289731637,185,-2.8472283537185916,-0.7107059826202988,True
prev_x,ALL,drift_15m_bps,160,0.206874604034061,0.08366992859116854,185,-3.4503498250727613,-0.8215132916496607,False
prev_x,ALL,drift_30m_bps,160,0.6273620242855812,0.18515271439976586,185,-0.933860033532074,-0.17810426768932344,False
prev_x,ALL,drift_60m_bps,160,0.6171499976920465,0.2161081839362612,185,-0.3325667575208315,-0.06256575359561278,False
mom_5d,CPI,ret_1m_bps,58,1.1147515054544885,0.17567217275121316,64,-21.189455727576238,-1.785782339837814,False
mom_5d,CPI,ret_5m_bps,58,-0.778909404252524,-0.11087963674037485,64,-22.291925654710045,-1.5947770405130552,True
mom_5d,CPI,ret_15m_bps,58,-0.24383568687182988,-0.03160117570423601,64,-18.556584159520924,-1.0695164517609066,True
mom_5d,CPI,ret_30m_bps,58,-0.6952772448868396,-0.07185155191167986,64,-18.589878416061232,-1.1665010444644097,True
mom_5d,CPI,ret_60m_bps,58,3.4528953647986835,0.34182870918131414,64,-28.807333700844488,-1.6947692878799343,False
mom_5d,CPI,drift_5m_bps,58,-1.893660909707013,-1.0756912191959707,64,-1.1024699271338025,-0.23456755986470046,True
mom_5d,CPI,drift_15m_bps,58,-1.3585871923263184,-0.3916094552932529,64,2.6328715680553154,0.31559956829346536,False
mom_5d,CPI,drift_30m_bps,58,-1.8100287503413277,-0.296192335695807,64,2.599577311515006,0.331792252168979,False
mom_5d,CPI,drift_60m_bps,58,2.338143859344193,0.37945535509622647,64,-7.6178779732682536,-0.9703719592938088,False
mom_5d,NFP,ret_1m_bps,59,1.6808212688092243,0.7936400844369811,61,-36.08308650177952,-0.5699170511315381,False
mom_5d,NFP,ret_5m_bps,59,1.30826795598041,0.590357441187805,61,-56.886752914392204,-0.7912016792257053,False
mom_5d,NFP,ret_15m_bps,59,1.4529070232912267,0.8478649329091575,61,-54.97547411924184,-0.7482195821569219,False
mom_5d,NFP,ret_30m_bps,59,1.2923355842917368,0.3085842956191353,61,-59.79537346373466,-0.6790988916444213,False
mom_5d,NFP,ret_60m_bps,59,1.3410190789959744,0.3837883643654503,61,-52.51954849719374,-0.6187025804164746,False
mom_5d,NFP,drift_5m_bps,59,-0.3725533128288141,-0.360849527064233,61,-20.80366641261269,-0.6448270290637614,True
mom_5d,NFP,drift_15m_bps,59,-0.22791424551799772,-0.2889713776436331,61,-18.89238761746233,-0.528083630421024,True
mom_5d,NFP,drift_30m_bps,59,-0.3884856845174872,-0.10161009694200664,61,-23.712286961955133,-0.42680305015372355,True
mom_5d,NFP,drift_60m_bps,59,-0.33980218981324933,-0.10301143150090505,61,-16.436461995414213,-0.32125274814018634,True
mom_5d,PCE,ret_1m_bps,46,0.043424621641019734,0.024713642006075152,61,-2.125553267166235,-0.5151262159849628,False
mom_5d,PCE,ret_5m_bps,46,0.9688577280432892,0.37088924749659347,61,-5.234376706017508,-0.9673268241706305,False
mom_5d,PCE,ret_15m_bps,46,-1.3687738258312168,-0.6123301229099337,61,-7.897255778259318,-0.9783185152876432,True
mom_5d,PCE,ret_30m_bps,46,-1.8106620702778287,-0.5316037734147633,61,-8.950684391722179,-1.272380792340786,True
mom_5d,PCE,ret_60m_bps,46,-6.334326354573478,-1.5374291753810967,61,-14.951374315828824,-1.9955908201671504,True
mom_5d,PCE,drift_5m_bps,46,0.9254331064022695,0.4342551068806666,61,-3.108823438851272,-1.3572709612868263,False
mom_5d,PCE,drift_15m_bps,46,-1.4121984474722369,-0.6042227519000603,61,-5.771702511093081,-1.055495663217694,True
mom_5d,PCE,drift_30m_bps,46,-1.854086691918848,-0.4855628025147868,61,-6.825131124555942,-1.4766575547427847,True
mom_5d,PCE,drift_60m_bps,46,-6.377750976214499,-1.4691862686449237,61,-12.825821048662588,-2.410872661969706,True
mom_5d,ALL,ret_1m_bps,163,1.6666757707133997,0.8204655512668051,186,-10.957739546525243,-1.6303351745513632,False
mom_5d,ALL,ret_5m_bps,163,1.2749555574273268,0.6138003754776024,186,-13.000073583834897,-1.7134876236064407,False
mom_5d,ALL,ret_15m_bps,163,1.4229523748204536,0.8126734339092633,186,-12.412779667550467,-1.2739148264070923,False
mom_5d,ALL,ret_30m_bps,163,1.263472253293719,0.3422110603999279,186,-13.859406287904394,-1.5245869338839317,False
mom_5d,ALL,ret_60m_bps,163,1.3061151041370658,0.40862555546777996,186,-21.159342034638417,-2.2353397963384465,False
mom_5d,ALL,drift_5m_bps,163,-0.3917202132860733,-0.4786555344908927,186,-2.042334037309656,-0.8158411890000495,True
mom_5d,ALL,drift_15m_bps,163,-0.24372339589294598,-0.30685506299553333,186,-1.4550401210252244,-0.3029157221795691,True
mom_5d,ALL,drift_30m_bps,163,-0.4032035174196806,-0.12755243769173966,186,-2.901666741379151,-0.6418994437784804,True
mom_5d,ALL,drift_60m_bps,163,-0.3605606665763335,-0.1270347408525353,186,-10.201602488113181,-2.2923951493759116,True
ma50_gap,CPI,ret_1m_bps,58,-2.872561833891794,-0.46093725992676693,64,-24.362011926425474,-1.4598036056720016,True
ma50_gap,CPI,ret_5m_bps,58,-6.662250926334893,-0.9424140788656674,64,-34.54539015788322,-1.9710127049355193,True
ma50_gap,CPI,ret_15m_bps,58,-7.320133188214923,-0.7528612065190203,64,-31.88418448923069,-1.5897852623202917,True
ma50_gap,CPI,ret_30m_bps,58,-7.114585136747107,-0.8195555183695499,64,-39.119467515940556,-1.9573778929228567,True
ma50_gap,CPI,ret_60m_bps,58,-5.571768443272139,-0.5769973101072711,64,-44.90486248425098,-2.1908942263631643,True
ma50_gap,CPI,drift_5m_bps,58,-3.7896890924431,-1.7683931589320165,64,-10.183378231457741,-1.987762276228859,True
ma50_gap,CPI,drift_15m_bps,58,-4.447571354323132,-1.0163882189104088,64,-7.522172562805217,-1.0960108282122816,True
ma50_gap,CPI,drift_30m_bps,58,-4.242023302855316,-1.0462691431337838,64,-14.75745558951508,-1.8476799404117352,True
ma50_gap,CPI,drift_60m_bps,58,-2.699206609380347,-0.5262105678762539,64,-20.54285055782551,-2.282384321254334,True
ma50_gap,NFP,ret_1m_bps,59,1.5649141119807317,0.6020333163229159,61,29.358194274284962,0.5069614834594453,True
ma50_gap,NFP,ret_5m_bps,59,1.0491761897071141,0.2787435417905412,61,6.025809603929374,0.09031650127171496,True
ma50_gap,NFP,ret_15m_bps,59,1.2635075648992025,0.4167752957126788,61,-4.174724628985973,-0.06132942291318586,False
ma50_gap,NFP,ret_30m_bps,59,1.0725161966806342,0.18903787543233988,61,-18.58006771525682,-0.24224690944213517,False
ma50_gap,NFP,ret_60m_bps,59,1.251361951374771,0.2992931035406257,61,38.97493628015102,0.4435404047476442,True
ma50_gap,NFP,drift_5m_bps,59,-0.5157379222736176,-0.3036727998158144,61,-23.332384670355587,-0.8750681657492275,True
ma50_gap,NFP,drift_15m_bps,59,-0.3014065470815294,-0.2780982669298144,61,-33.53291890327094,-1.1615163717848895,True
ma50_gap,NFP,drift_30m_bps,59,-0.49239791530009774,-0.12599246861448357,61,-47.938261989541765,-1.1697123964214404,True
ma50_gap,NFP,drift_60m_bps,59,-0.31355216060596103,-0.1213204513733254,61,9.616742005866065,0.2002735305547603,False
ma50_gap,PCE,ret_1m_bps,46,1.095064207872686,0.5163126337823519,61,-1.9185730472681048,-0.5480185408084717,False
ma50_gap,PCE,ret_5m_bps,46,0.5248821268550558,0.29232895545535303,61,-2.65819423903336,-0.6136231594807112,False
ma50_gap,PCE,ret_15m_bps,46,-1.5475934138312735,-1.271756993101323,61,-2.8103802352185823,-0.3069290165682138,True
ma50_gap,PCE,ret_30m_bps,46,-3.6160351689437378,-2.1182896519050955,61,-7.190456239376991,-0.8890818059279921,True
ma50_gap,PCE,ret_60m_bps,46,-3.4155505679191895,-1.0429288147271587,61,-7.504868191257325,-0.8537727066292243,True
ma50_gap,PCE,drift_5m_bps,46,-0.5701820810176296,-0.34434527059944575,61,-0.7396211917652549,-0.45518063345493004,True
ma50_gap,PCE,drift_15m_bps,46,-2.642657621703959,-1.1272656887888979,61,-0.8918071879504788,-0.12626632325274537,True
ma50_gap,PCE,drift_30m_bps,46,-4.711099376816424,-1.5361047070245575,61,-5.271883192108887,-0.8947019104590678,True
ma50_gap,PCE,drift_60m_bps,46,-4.5106147757918755,-2.016246870041705,61,-5.5862951439892194,-0.7840902208753102,True
ma50_gap,ALL,ret_1m_bps,163,1.4486084801894556,0.6151157443725275,186,-13.305927228119808,-1.4966404924096213,False
ma50_gap,ALL,ret_5m_bps,163,0.8851457827740506,0.2812735248341693,186,-17.925029868990716,-1.8186161890868653,False
ma50_gap,ALL,ret_15m_bps,163,0.9861811214414106,0.3103079875514759,186,-17.125694853841306,-1.4525026571970643,False
ma50_gap,ALL,ret_30m_bps,163,0.7443241856677963,0.1430168472472127,186,-22.1933315588401,-1.906220277428526,False
ma50_gap,ALL,ret_60m_bps,163,0.9532048029270479,0.23348119620931626,186,-24.54422635529273,-1.9731551970245114,False
ma50_gap,ALL,drift_5m_bps,163,-0.5634626974154048,-0.4451934624733951,186,-4.619102640870911,-1.972524234091471,True
ma50_gap,ALL,drift_15m_bps,163,-0.46242735874804497,-0.319004496205482,186,-3.819767625721498,-0.8292695597805648,True
ma50_gap,ALL,drift_30m_bps,163,-0.7042842945216593,-0.19541286502258612,186,-8.88740433072029,-1.9071085025257275,True
ma50_gap,ALL,drift_60m_bps,163,-0.49540367726240797,-0.1881670955693964,186,-11.23829912717292,-1.9764899554179094,True
rv_pre_60m,CPI,ret_1m_bps,58,7.450541255550303,1.078230912825648,64,-5.750709096795708,-0.23735937871827115,False
rv_pre_60m,CPI,ret_5m_bps,58,8.58104601752194,1.105770368565783,64,-12.991804808482232,-0.5055678314553675,False
rv_pre_60m,CPI,ret_15m_bps,58,5.138128761788607,0.43179821938626384,64,-10.190635923824523,-0.37048342498909526,False
rv_pre_60m,CPI,ret_30m_bps,58,2.1423583440405523,0.18693168306326202,64,-11.57085961479963,-0.41769326994621425,False
rv_pre_60m,CPI,ret_60m_bps,58,3.5520034324034633,0.28838905541951465,64,-0.4475776544412948,-0.014631440156512028,False
rv_pre_60m,CPI,drift_5m_bps,58,1.130504761971636,0.5404310075940774,64,-7.2410957116865236,-1.2216846958281777,False
rv_pre_60m,CPI,drift_15m_bps,58,-2.312412493761695,-0.3813350583453444,64,-4.4399268270288115,-0.5325357055783975,True
rv_pre_60m,CPI,drift_30m_bps,58,-5.3081829115097525,-1.0192642470892221,64,-5.82015051800392,-0.6289693188962421,True
rv_pre_60m,CPI,drift_60m_bps,58,-3.89853782314684,-0.6165506258778195,64,5.303131442354412,0.5145424977799844,False
rv_pre_60m,NFP,ret_1m_bps,59,1.4129640580512637,0.27169933838902444,61,-37.0851822352104,-0.19124918487191128,False
rv_pre_60m,NFP,ret_5m_bps,59,0.6456081153189006,0.11291298927167052,61,-38.96720885667107,-0.15644413338982768,False
rv_pre_60m,NFP,ret_15m_bps,59,0.8607568765614139,0.15652202280071795,61,-16.387969075946128,-0.05742308877273288,False
rv_pre_60m,NFP,ret_30m_bps,59,0.5828650018612616,0.07845791944601506,61,-44.35492075956192,-0.1434619144867115,False
rv_pre_60m,NFP,ret_60m_bps,59,1.0713443268625353,0.1778656370848414,61,-80.99639776873074,-0.23902492347279822,False
rv_pre_60m,NFP,drift_5m_bps,59,-0.7673559427323636,-0.8686818585027705,61,-1.8820266214606776,-0.0318581545735751,True
rv_pre_60m,NFP,drift_15m_bps,59,-0.5522071814898505,-0.5255130863800017,61,20.69721315926426,0.2188745288028368,False
rv_pre_60m,NFP,drift_30m_bps,59,-0.8300990561900028,-0.2980413970431187,61,-7.269738524351524,-0.061199196117677726,True
rv_pre_60m,NFP,drift_60m_bps,59,-0.34161973118872907,-0.1955951279733927,61,-43.91121553352034,-0.2946852727547502,True
rv_pre_60m,PCE,ret_1m_bps,46,1.5869082043155776,1.3468751300052024,61,1.1395612984748127,0.2206172315371949,True
rv_pre_60m,PCE,ret_5m_bps,46,0.7680597545787848,0.34139783583775873,61,1.8712909564740416,0.30261924359989206,True
rv_pre_60m,PCE,ret_15m_bps,46,0.8672667323936907,0.360429531656207,61,-2.554166563019325,-0.30829722945429716,False
rv_pre_60m,PCE,ret_30m_bps,46,0.8003773357600208,0.2629622848147674,61,1.1599753582175618,0.15585052964474802,True
rv_pre_60m,PCE,ret_60m_bps,46,-0.4754737725667444,-0.1263163469723641,61,-4.322114767826439,-0.5736337805683469,True
rv_pre_60m,PCE,drift_5m_bps,46,-0.8188484497367927,-0.45298719088327116,61,0.7317296579992301,0.3695371209724995,False
rv_pre_60m,PCE,drift_15m_bps,46,-0.7196414719218867,-0.3435408673493006,61,-3.693727861494135,-0.7508576814865027,True
rv_pre_60m,PCE,drift_30m_bps,46,-0.7865308685555567,-0.29729690869167574,61,0.020414059742748493,0.0046090115142979615,False
rv_pre_60m,PCE,drift_60m_bps,46,-2.062381976882322,-0.5816127081746173,61,-5.4616760663012505,-1.1163293172704711,True
rv_pre_60m,ALL,ret_1m_bps,163,1.706393344884966,0.5066003918848732,186,-1.0979721430881924,-0.11142085845185527,False
rv_pre_60m,ALL,ret_5m_bps,163,1.0559339046904872,0.2973549418931492,186,-4.780691976367553,-0.4543128859773888,False
rv_pre_60m,ALL,ret_15m_bps,163,1.136404730230869,0.31712836739953915,186,-5.2987935086665665,-0.46134755071685013,False
rv_pre_60m,ALL,ret_30m_bps,163,0.7154672958201531,0.14097356953283766,186,-4.196051575180663,-0.36952538569766297,False
rv_pre_60m,ALL,ret_60m_bps,163,1.2524581747774022,0.3127701119291543,186,-3.252662980943348,-0.26146160124643647,False
rv_pre_60m,ALL,drift_5m_bps,163,-0.6504594401944784,-1.1141652963850268,186,-3.682719833279359,-1.3138111632647442,True
rv_pre_60m,ALL,drift_15m_bps,163,-0.5699886146540969,-0.6343441821016679,186,-4.2008213655783715,-1.0050503638390405,True
rv_pre_60m,ALL,drift_30m_bps,163,-0.9909260490648129,-0.4193229172938394,186,-3.09807943209247,-0.7237225901303886,True
rv_pre_60m,ALL,drift_60m_bps,163,-0.4539351701075639,-0.28693315070854425,186,-2.1546908378551564,-0.41508888428297225,True
ret_pre_60m,CPI,ret_1m_bps,58,6.023265857102586,0.843106328933896,64,13.04480504933898,0.5432402022526234,True
ret_pre_60m,CPI,ret_5m_bps,58,2.8626658074035682,0.32269936645301334,64,10.965922861883342,0.44481511387762146,True
ret_pre_60m,CPI,ret_15m_bps,58,1.0713039455047777,0.07581839522577329,64,14.760613244988038,0.5620897254389513,True
ret_pre_60m,CPI,ret_30m_bps,58,1.6155640003653249,0.1306903892100164,64,20.976811710276824,0.7727852568829857,True
ret_pre_60m,CPI,ret_60m_bps,58,6.222529840770161,0.47799453842915424,64,26.36386354045522,0.9265335752360875,True
ret_pre_60m,CPI,drift_5m_bps,58,-3.160600049699017,-1.0753322049204634,64,-2.0788821874556342,-0.2653057984001688,True
ret_pre_60m,CPI,drift_15m_bps,58,-4.9519619115978095,-0.5843184662177261,64,1.7158081956490614,0.24089162961937885,False
ret_pre_60m,CPI,drift_30m_bps,58,-4.40770185673726,-0.6743429353031156,64,7.932006660937843,0.7705899583245016,False
ret_pre_60m,CPI,drift_60m_bps,58,0.19926398366757136,0.02844889568242636,64,13.319058491116243,1.1978312323422007,True
ret_pre_60m,NFP,ret_1m_bps,59,-2.324168589681748,-0.16220330766003,61,44.908532664409215,0.5268240815803306,False
ret_pre_60m,NFP,ret_5m_bps,59,-1.052311460160475,-0.06510664111345553,61,86.4860714638637,0.8173280016060666,False
ret_pre_60m,NFP,ret_15m_bps,59,-1.7459109388110996,-0.11766904109360307,61,61.770333514821964,0.5989192117189076,False
ret_pre_60m,NFP,ret_30m_bps,59,-2.7643496398498,-0.21288130016142823,61,70.93316576478686,0.6266811970852387,False
ret_pre_60m,NFP,ret_60m_bps,59,-2.577992173334105,-0.16606734339581086,61,40.065446468222476,0.306183439139122,False
ret_pre_60m,NFP,drift_5m_bps,59,1.2718571295212733,0.3314745192030719,61,41.577538799454445,0.9949823889578,True
ret_pre_60m,NFP,drift_15m_bps,59,0.5782576508706485,0.1551598382008297,61,16.86180085041274,0.3354405475670283,True
ret_pre_60m,NFP,drift_30m_bps,59,-0.440181050168052,-0.08737382650981419,61,26.02463310037764,0.3603837592756067,False
ret_pre_60m,NFP,drift_60m_bps,59,-0.25382358365235747,-0.040987563089272976,61,-4.843086196186722,-0.05715611973468829,True
ret_pre_60m,PCE,ret_1m_bps,46,-0.577924463206174,-0.24090416752769298,61,-2.315074177283227,-0.6069408292072581,True
ret_pre_60m,PCE,ret_5m_bps,46,-0.9663124662719216,-0.3161336449219564,61,-3.598970469153045,-0.7481329353781511,True
ret_pre_60m,PCE,ret_15m_bps,46,-0.8695448366917157,-0.2163405908097317,61,1.890643332919669,0.1913593104388529,False
ret_pre_60m,PCE,ret_30m_bps,46,1.2920097290050476,0.25850700118727526,61,-2.5362730693168016,-0.28765453796840684,False
ret_pre_60m,PCE,ret_60m_bps,46,-0.27384537805205017,-0.04379651191572178,61,-2.734193148198727,-0.27606242919049123,True
ret_pre_60m,PCE,drift_5m_bps,46,-0.3883880030657478,-0.24236566671217677,61,-1.2838962918698187,-0.4859885931714016,True
ret_pre_60m,PCE,drift_15m_bps,46,-0.29162037348554176,-0.11472740032518404,61,4.205717510202897,0.6073498633788119,False
ret_pre_60m,PCE,drift_30m_bps,46,1.8699341922112214,0.546944380546885,61,-0.22119889203357496,-0.03861594114511183,False
ret_pre_60m,PCE,drift_60m_bps,46,0.3040790851541233,0.06431127780310716,61,-0.41911897091549777,-0.058995059280483965,False
ret_pre_60m,ALL,ret_1m_bps,163,-1.3840740668270644,-0.19482416237713834,186,8.158943184268418,0.6361799936850919,False
ret_pre_60m,ALL,ret_5m_bps,163,-0.6993487779737697,-0.10772967441653064,186,7.0567596661470615,0.5267815604569287,False
ret_pre_60m,ALL,ret_15m_bps,163,-1.3822395368068505,-0.2249070373424564,186,10.555585269727287,0.7381854041589434,False
ret_pre_60m,ALL,ret_30m_bps,163,-1.71243680523406,-0.26316163865474174,186,11.281599244494005,0.7488144973513995,False
ret_pre_60m,ALL,ret_60m_bps,163,-1.1805829454277657,-0.15009961488691,186,15.238376353262895,0.9658327830454881,False
ret_pre_60m,ALL,drift_5m_bps,163,0.684725288853296,0.49448808252793874,186,-1.1021835181213524,-0.28089298395938955,False
ret_pre_60m,ALL,drift_15m_bps,163,0.0018345300202141533,0.0009250375963468584,186,2.3966420854588697,0.5323143208762299,True
ret_pre_60m,ALL,drift_30m_bps,163,-0.32836273840699554,-0.10502917739785463,186,3.12265606022559,0.5836877650249155,False
ret_pre_60m,ALL,drift_60m_bps,163,0.2034911213992997,0.05196735615274892,186,7.079433168994479,1.1530517068622734,True
