universe,strategy,sharpe,ci_5,ci_95,p_sharpe_le_0
CPI,Naive sign,1.0030304943021975,0.3664653072114798,1.6599397969545169,0.0078
CPI,Surprise only,0.7935357246447727,0.12132006085249973,1.4681569789856106,0.0298
CPI,Surprise + State,0.7465017150284975,0.043085138869509966,1.4399899032260406,0.0422
CPI,Surprise + State filter,0.8245291910407547,0.20407704735786877,1.3836720510290272,0.0152
CPI,Surprise + Adaptive state,0.7465017150284975,0.043085138869509966,1.4399899032260406,0.0422
CPI+PCE,Naive sign,0.7439623895315437,0.10809394337629634,1.4711523884585131,0.0252
CPI+PCE,Surprise only,0.34416925470222914,-0.4006509865252686,1.0569263368348614,0.2196
CPI+PCE,Surprise + State,0.332527156363299,-0.4148160481521576,1.0034129294243967,0.2234
CPI+PCE,Surprise + State filter,0.3977221311870367,-0.31112158749084556,1.0436070613161306,0.165
CPI+PCE,Surprise + Adaptive state,0.31048285000065423,-0.44484115480360015,1.0286700986665887,0.2444
ALL,Naive sign,0.38121593907765877,-0.1913032595495822,0.9615812455534001,0.1358
ALL,Surprise only,0.36890088325333664,-0.363520065528728,1.0801788543576558,0.207
ALL,Surprise + State,0.24715213239100273,-0.48179857149923344,0.9161860919350089,0.287
ALL,Surprise + State filter,0.36559936380247576,-0.34239708248047684,1.0236381560689924,0.1994
ALL,Surprise + Adaptive state,0.20695334760798173,-0.5273673398434415,0.946203282113207,0.3252
