universe,strategy,trades,hit_rate,avg_net_bps,ann_return_pct,ann_vol_pct,sharpe_net,max_dd_pct,t_stat_trade,profit_factor,ci_5,ci_95,sharpe_diff_vs_surprise_only,p_diff_le_0
CPI,Naive sign,86,0.5813953488372093,9.819012778992432,1.1259134653244653,1.0880862926566153,1.0347648646280554,-1.9487709422372848,2.8390433958186208,2.314570818199007,0.318287510016179,1.7647551753448787,0.04698164788123682,0.4152
CPI,Surprise only,52,0.6346153846153846,12.785846281921668,0.8864853422132357,0.897449285616333,0.9877832167468186,-1.7676078304303564,2.7788040999179096,2.8598542208503677,0.24913775394931928,1.7244528101270629,,
CPI,Surprise + State,51,0.5686274509803921,10.394638158479637,0.7068353947766153,0.9122552707068713,0.7748219357822026,-1.7934003046098668,2.154896354573619,2.227467108187701,0.01232138428707238,1.5076570152208217,-0.21296128096461597,0.9256
CPI,Surprise + State filter,28,0.7142857142857143,22.984073729755316,0.8580720859108647,0.8037208950115807,1.0676244592328297,-1.4322651352341165,3.2539036427780568,5.238987184708908,0.39922382391834926,1.669953134072128,0.0798412424860111,0.4026
CPI,Surprise + Adaptive state,49,0.6326530612244898,12.679039648925286,0.8283639237297854,0.8696734993540489,0.9524999029463974,-1.6827481186205033,2.6834897887935343,2.841614455056659,0.25992538850232805,1.6051507096036532,-0.03528331380042116,0.594
CPI+PCE,Naive sign,169,0.5502958579881657,4.2562846818025974,0.9590828149661853,1.3762346274493615,0.6968890302838094,-2.2542759067970057,1.912416529113027,1.5357464020191622,0.021920299386635634,1.4364068761469777,-0.01681011339520755,0.5146
CPI+PCE,Surprise only,73,0.5068493150684932,7.077106748410655,0.6888383901786371,0.9651663397377414,0.713699143679017,-2.1369578187231673,2.015656754111507,1.9418354425645656,-0.05501591976049984,1.4357117280476481,,
CPI+PCE,Surprise + State,91,0.4835164835164835,3.192846554131185,0.38739871523458386,1.165661294743858,0.3323424368480131,-3.32530578485089,0.8972737112668955,1.3031993961717694,-0.5181148434517353,1.0646245849333325,-0.38135670683100387,0.8932
CPI+PCE,Surprise + State filter,40,0.55,14.075006731466232,0.7506670256781988,0.8645799479232061,0.8682447788447607,-1.619894692679503,2.5627030082871203,3.130663556762925,0.1699063063273384,1.4660952178940634,0.1545456351657437,0.2528
CPI+PCE,Surprise + Adaptive state,70,0.5,6.757681839591285,0.6307169716951868,0.9316901527660447,0.6769600063096998,-2.0520981069133137,1.901697409366602,1.8952188190441266,-0.056046124197012784,1.3195458988001372,-0.03673913736931722,0.6022
ALL,Naive sign,254,0.5039370078740157,1.547675111330989,0.5241459710374283,1.6002632513008423,0.32753734150387687,-3.5782420618662827,0.8396583621090584,1.1610783067574726,-0.26383840017478366,0.8695571251945183,-0.2584939362143673,0.7538
ALL,Surprise only,86,0.5232558139534884,5.363446460371488,0.6150085274559306,1.0494465924250862,0.5860312777182441,-2.1369578187231677,1.6691695357949403,1.6473593884295272,-0.19338005738921984,1.2957265390601989,,
ALL,Surprise + State,112,0.5,2.449265655495028,0.36575700455392407,1.27400094494907,0.2870931972256471,-3.649613545181199,0.8046335424352463,1.2402987958584177,-0.5451351215492318,1.040682142330579,-0.29893808049259707,0.818
ALL,Surprise + State filter,49,0.5306122448979592,9.438961196689245,0.6166787981836973,0.9547476316047724,0.6459076490686471,-1.6198946926795044,1.8793116537025538,2.080066376523514,-0.10737697149549798,1.2747221171671022,0.05987637135040291,0.4326
ALL,Surprise + Adaptive state,91,0.5164835164835165,5.019851052317531,0.609075261014527,0.9800407858279471,0.6214795035290036,-2.449665647182355,1.6799560229765291,1.6418553298495548,-0.12981790810397945,1.251856934158451,0.03544822581075946,0.4708
