entry_lag,hold,strategy,sharpe_net,avg_net_bps,trades
0,5,Surprise only,0.414027795153887,3.388865574512053,48
0,5,Surprise + State,0.09800675900522626,0.7999130826397601,47
0,15,Surprise only,0.2725348305219185,2.9441162402459558,47
0,15,Surprise + State,0.2028717028387235,2.351787586967149,51
0,30,Surprise only,0.9877832167468186,12.785846281921668,52
0,30,Surprise + State,0.7748219357822026,10.394638158479637,51
0,60,Surprise only,0.5033481727731162,8.209311234497038,42
0,60,Surprise + State,0.3674599752806683,6.101080283301793,45
1,5,Surprise only,-0.07514710315979245,-0.9551525202919892,30
1,5,Surprise + State,-0.18938694682671808,-1.4020306660274309,41
1,15,Surprise only,-0.051625982967540084,-0.5261893567688348,41
1,15,Surprise + State,0.22165436707475156,2.176222051966137,48
1,30,Surprise only,0.6859594210777731,8.176241674523778,52
1,30,Surprise + State,0.46561370010462594,5.499992607514811,54
1,60,Surprise only,0.30722249320716244,4.8320156656164,41
1,60,Surprise + State,0.15210908151548044,2.2929841432374825,45
2,5,Surprise only,-0.5451653961979429,-22.260322638280382,3
2,5,Surprise + State,-0.41321830634872314,-2.6445947080773697,32
2,15,Surprise only,-0.5507867439072565,-8.76196830575984,15
2,15,Surprise + State,-0.298472447183008,-3.4039966325368365,33
2,30,Surprise only,0.7058218285563959,8.491565841499778,39
2,30,Surprise + State,0.39274361394538426,5.06505441449191,42
2,60,Surprise only,0.27341033383207713,4.7984551500769035,31
2,60,Surprise + State,0.22504457447614268,3.2682598501502143,44
5,15,Surprise only,-0.3749532589934858,-4.547693051296274,11
5,15,Surprise + State,-0.5738236977493232,-8.638778226254518,14
5,30,Surprise only,0.5539141295107565,6.656232942828493,38
5,30,Surprise + State,0.5025864649711639,6.284984305756328,40
5,60,Surprise only,0.2508567990826059,3.877655411352633,31
5,60,Surprise + State,0.2750118929451429,4.249276241844666,35
