strategy | universe,row,total_pct,vol_pct,sharpe,max_dd_pct,beta,trades_per_year,time_in_market_pct
Surprise only | CPI,Net,4.982415742488692,0.8322110968672015,0.8485457151569492,-1.9153636781975958,-0.0009472924053855856,6.407894736842105,0.05868831613439625
Surprise only | CPI,Gross,5.389032007802541,0.8408296031011181,0.9083883456439622,-1.836148163484097,-0.0009998614436849454,6.407894736842105,0.05868831613439625
Surprise only | CPI,"Always long, same windows (net)",-5.512830694657427,0.8484432815151575,-0.9209172843139461,-5.6873419949487785,0.0046762277441027905,6.407894736842105,0.05868831613439625
Surprise only | CPI,Buy + hold,141.38607747567846,18.206624339055864,0.7770982721550119,-32.24603616698888,1.0000000000000002,,100.0
Naive sign | CPI,Net,6.82833086704923,0.9751460446587671,0.9924615203429704,-1.8321530290594856,-0.0002999236907911834,10.279331140350877,0.09414584046559397
Naive sign | CPI,Gross,7.4662799306597805,0.9844168505815675,1.0749642318017159,-1.71227637842577,-0.0003562048603070831,10.279331140350877,0.09414584046559397
Naive sign | CPI,"Always long, same windows (net)",-3.0155833635634473,0.9897756793248169,-0.43182058826416586,-3.587884387324669,0.005682738707796805,10.279331140350877,0.09414584046559397
Naive sign | CPI,Buy + hold,141.38607747567846,18.206624339055864,0.7770982721550119,-32.24603616698888,1.0000000000000002,,100.0
Surprise + State filter | CPI,Net,5.1653737220731095,0.7488966802010808,0.9775717157415102,-1.5770154384618755,-0.0008964757762303086,3.737938596491228,0.034234851078397806
Surprise + State filter | CPI,Gross,5.402000840566501,0.7587025241019693,1.00914111933032,-1.5312120236762539,-0.000940183665058728,3.737938596491228,0.034234851078397806
Surprise + State filter | CPI,"Always long, same windows (net)",-4.971528315918889,0.766892914187346,-0.9188063254836676,-5.037961288950032,0.004599785419421076,3.737938596491228,0.034234851078397806
Surprise + State filter | CPI,Buy + hold,141.38607747567846,18.206624339055864,0.7770982721550119,-32.24603616698888,1.0000000000000002,,100.0
Surprise only | ALL,Net,5.170044780338416,0.9734253177406739,0.7527667906071884,-1.8625057818970343,-0.0006920102842024376,12.148300438596491,0.11126326600479287
Surprise only | ALL,Gross,5.991825436878884,0.9809477063550648,0.8657292287735171,-1.7774252831605608,-0.0007400149976230776,12.148300438596491,0.11126326600479287
Surprise only | ALL,"Always long, same windows (net)",-4.388781293496516,0.985826301023518,-0.6309752475745704,-5.676919910246332,0.0057325339414556675,12.148300438596491,0.11126326600479287
Surprise only | ALL,Buy + hold,141.38607747567846,18.206624339055864,0.7770982721550119,-32.24603616698888,1.0000000000000002,,100.0
