ticks_rt,strategy,sharpe_net,avg_net_bps,trades,ann_return_pct
0,Naive sign,0.4610098256215997,2.3469184414988593,86,0.26911331462520255
0,Surprise only,0.18341400616740788,1.352020438376041,39,0.07030506279555412
0,Surprise + State,-0.19724347359212588,-1.3766474285766628,44,-0.08076331580983089
0,Surprise + State filter,-0.05142224686594983,-0.5310429744337942,25,-0.017701432481126475
1,Naive sign,0.20533090657855976,1.0433617832579136,86,0.11963881781357422
1,Surprise only,-0.4541012681446412,-8.260461443796723,6,-0.06608369155037379
1,Surprise + State,-0.3312174809423763,-3.7551901365849925,13,-0.06508996236747319
1,Surprise + State filter,-0.546256535018389,-17.305462646694938,3,-0.06922185058677975
2,Naive sign,-0.05128591755601588,-0.2601948749830294,86,-0.029835678998054057
2,Surprise only,-0.5086863082073014,-3.22524214695074,2,-0.008600645725201974
2,Surprise + State,-0.40330665041312186,-3.56270222003116,5,-0.023751348133541066
2,Surprise + State filter,-0.36514837167011094,-3.8808526676660806,1,-0.005174470223554774
4,Naive sign,-0.5664316022012289,-2.8673081914649194,86,-0.3287846726213107
4,Surprise only,-0.3651483716701107,-6.239899612700288,1,-0.00831986615026705
4,Surprise + State,-0.5008269462654505,-8.562036513190252,2,-0.02283209736850734
4,Surprise + State filter,-0.3651483716701107,-6.239899612700288,1,-0.00831986615026705
6,Naive sign,-1.0825914085310009,-5.474421507946808,86,-0.6277336662445674
6,Surprise only,0.0,,0,0.0
6,Surprise + State,-0.36514837167011077,-13.224997383717671,1,-0.017633329844956892
6,Surprise + State filter,0.0,,0,0.0
8,Naive sign,-1.5979003876656865,-8.081534824428697,86,-0.9266826598678242
8,Surprise only,0.0,,0,0.0
8,Surprise + State,0.0,,0,0.0
8,Surprise + State filter,0.0,,0,0.0
