family,naive_trades,naive_hit_rate,naive_avg_net_bps,naive_t_stat,naive_total_net_pct,vol_trades,vol_hit_rate,vol_avg_net_bps,vol_t_stat,vol_total_net_pct
CPI,77,0.5454545454545454,7.946644341758673,1.5036949694691868,6.039449699736591,76,0.5526315789473685,17.241377055433862,1.8901109305376216,13.103446562129736
Factory Orders,50,0.52,9.824645330255803,1.8866226860960336,4.6175833052202275,47,0.5531914893617021,-2.1146750564691024,-0.26340973874972645,-0.9938972765404782
U. of Michigan Sentiment,84,0.5357142857142857,5.430345314692017,1.4497902722520988,4.235669345459773,78,0.5769230769230769,8.606611198388983,1.266935895009138,6.713156734743406
Retail Sales,78,0.6153846153846154,3.3185717267777686,1.1291874829667061,2.5553002296188816,77,0.6233766233766234,-0.17952577493041535,-0.06513195151543069,-0.1382348466964198
GDP,34,0.5294117647058824,6.503258542812493,1.553513910490221,2.1460753191281228,33,0.5454545454545454,1.099971331002802,0.18726884703840235,0.3629905392309247
Advance Goods Trade Balance,24,0.6666666666666666,5.758769247877429,0.8931805892810882,1.382104619490583,24,0.6666666666666666,9.468433984396272,0.8105916246996825,2.2724241562551053
ISM Manufacturing,76,0.5394736842105263,1.824196156368468,0.45947599539638556,1.368147117276351,75,0.5466666666666666,-1.3602953968911935,-0.42060199825483113,-1.0202215476683951
FHFA House Price Index MoM,22,0.6818181818181818,5.031987709408026,2.0307251089498415,1.1070372960697656,22,0.6818181818181818,2.07182627025264,0.987985968029513,0.45580177945558087
NAHB Housing Market Index,23,0.43478260869565216,3.473770115612108,0.7401677256123123,0.7642294254346638,22,0.45454545454545453,0.9435694931406335,0.11698450593675931,0.20758528849093938
Conf. Board Consumer Confidence,12,0.75,5.498683562653802,1.0960135867077265,0.6598420275184563,12,0.75,8.10999668675445,0.9801745600583268,0.9731996024105339
Trade Balance,45,0.4222222222222222,0.8233813087876848,0.2475538003919046,0.36228777586658134,44,0.4318181818181818,-0.07843336544588024,-0.05380712492189507,-0.034510680796187305
FOMC Rate Decision,1,1.0,18.891473875523324,,0.18891473875523324,1,1.0,70.318190082457,,0.7031819008245699
Empire Manufacturing,12,0.3333333333333333,-1.2405564041692994,-0.29453847660907834,-0.13646120445862292,11,0.36363636363636365,9.953971126141148,0.7805553707427462,1.0949368238755262
Unit Labor Costs,8,0.375,-2.490837881373707,-0.5442542142564498,-0.19926703050989655,8,0.375,-4.259493191421636,-0.8168050026638349,-0.34075945531373086
Employment Report (NFP),89,0.4606741573033708,-0.6232358587553538,-0.15690031784277914,-0.5297504799420508,85,0.4823529411764706,-1.217807719293371,-0.5320783545522568,-1.0351365613993653
PPI,41,0.4634146341463415,-2.0770118828710795,-0.5614748872193316,-0.8515748719771427,41,0.4634146341463415,-1.8034986868113658,-0.2756575802863161,-0.73943446159266
Pending Home Sales MoM,12,0.3333333333333333,-8.213700189967906,-1.8294788739536576,-0.9856440227961487,12,0.3333333333333333,-4.792926459010628,-1.390808773173861,-0.5751511750812753
Dallas Fed Manf. Activity,6,0.16666666666666666,-20.1903438390146,-1.9608662129670962,-1.2114206303408759,6,0.16666666666666666,-3.777671748611032,-1.165667208212849,-0.22666030491666192
ISM Services,90,0.4777777777777778,-1.4477588245650383,-0.3172485175883213,-1.2595501773715834,87,0.4942528735632184,-0.9587469445792562,-0.10083666956314154,-0.834109841783953
Richmond Fed Manufact. Index,33,0.42424242424242425,-5.905162658523247,-1.0228026835371495,-1.889652050727439,32,0.4375,-11.36294960242974,-1.1352973969695606,-3.636143872777517
