strategy,sharpe,ci_5,ci_95,sharpe_2019_21,sharpe_2022_26,sharpe_ex_2022,p_random_sign
CPI · naive,-0.6718290804482209,-1.3766284698696936,0.001989787135631508,-1.7837268058658744,-0.512146933179278,-1.0786790651817457,0.58
CPI · surprise model,-0.3651483716701107,-0.639683829949492,-0.3651483716701106,,-0.4714045207910317,-0.392232270276368,1.0
CPI · signal × vol,-0.2949098253032483,-1.141681012227848,0.3324138952294947,-1.5241730730259795,0.01684047574532415,-1.1935406915112838,0.334
All · naive,-2.4215388428675957,-3.175301245075501,-1.7471491804700539,-3.3587165855256997,-2.1739835995403496,-2.533730205162363,0.812
All · surprise model,-0.7436200808921034,-1.1380388497696186,-0.35810877116547235,-1.0234619518935466,-0.48161011646567653,-0.8009616380212214,0.818
All · signal × vol,-1.1098313263868864,-1.9513465921377249,-0.3854489757650004,-2.1510657992231743,-0.6492685369844352,-1.4995860366907225,0.247
Combined (CPI model + others × vol),-1.2469783724520211,-2.0660990656127045,-0.5453386153223466,-1.8241986547133464,-0.9266957212153594,-1.2246891218225697,0.3
All · naive · 2nd window,-3.076869793278653,-4.281232553932079,-2.2335979194889384,-5.776459177296889,-2.425116663864825,-2.835849588746785,0.715
All · signal × vol · 2 windows,-2.0181880300457995,-3.154577563635108,-1.182750521474378,-3.466327608020753,-1.3453763616855419,-2.197815027538926,0.444
