,trades / yr,days / yr,hit rate,net bps / trade,total net P&L %,ann. return %,ann. vol %,Sharpe (net),Sharpe ex-2022,max DD %,beta,P(random sign ≥)
CPI · naive,11.743514797223238,11.876963829009865,0.3522727272727273,-3.399056051667989,-2.99116932546783,-0.39882257672904403,0.5936369656147714,-0.671829080448221,-1.0786790651817457,-3.0298443577201657,0.0011319974125513967,0.58
CPI · surprise model,0.1334490317866277,0.1334490317866277,0.0,-17.03310851700269,-0.17033108517002693,-0.02271081135600359,0.062196118394638275,-0.36514837167011077,-0.392232270276368,-0.17033108517002693,-0.00016025643076256655,1.0
CPI · signal × vol,11.743514797223238,11.743514797223238,0.3522727272727273,-2.1955667096520215,-1.932098704493779,-0.25761316059917055,0.8735319697615143,-0.2949098253032483,-1.1935406915112838,-2.5962462660820473,0.006131332464639911,0.334
All · naive,81.93770551698941,75.6656010230179,0.36156351791530944,-3.3458077881417188,-20.54325981919015,-2.7391013092253544,1.131140769140709,-2.4215388428675957,-2.533730205162363,-20.564457615550868,0.00018812684219150872,0.812
All · surprise model,2.1351845085860433,2.1351845085860433,0.3125,-4.797933482893492,-0.7676693572629587,-0.10235591430172784,0.13764544144495647,-0.7436200808921035,-0.8009616380212214,-0.871843226133467,0.00032238104099158296,0.818
All · signal × vol,83.93944099378882,75.53215199123127,0.35453100158982515,-2.2569248582032975,-14.196057358098741,-1.8928076477464992,1.7054912784888066,-1.1098313263868866,-1.4995860366907225,-14.105938674253816,0.006149847886152496,0.247
Combined (CPI model + others × vol),72.46282426013885,64.18898428936792,0.35359116022099446,-2.348916255973671,-12.754615269937036,-1.7006153693249384,1.3637889853541716,-1.2469783724520214,-1.2246891218225697,-12.904724075051513,-0.0019263363919726757,0.3
All · signal × vol · 2 windows,167.87888198757764,75.53215199123127,0.32591414944356123,-2.5797658636018497,-32.45345456411127,-4.327127275214835,2.1440654739769895,-2.0181880300458,-2.197815027538926,-32.44692393873197,0.011740285932595504,0.444
"Peer: Jack DTW (slide, 2018-2026)",185.0,,,1.18,18.597,,3.02,0.613,,-4.928,-0.005,
