ticks_rt,strategy,sharpe_net,avg_net_bps,trades
0,CPI · surprise model,0.609008685766418,7.742426951416039,87
0,All · naive,0.8221272522872752,2.7880405909246933,725
0,All · signal × vol,0.4309903355959335,2.5045110475766776,746
1,CPI · surprise model,0.5942699657705532,7.553730292878208,87
1,All · naive,0.7669437890887619,2.5998282427973627,725
1,All · signal × vol,0.4027806900244694,2.3424297850191005,746
2,CPI · surprise model,0.5544953702171105,7.119735634818184,86
2,All · naive,0.7116825003882759,2.4116158946700312,725
2,All · signal × vol,0.3745989727272259,2.180348522461524,746
4,CPI · surprise model,0.5364435732368279,7.393581696005199,79
4,All · naive,0.6009561470959647,2.03519119841537,725
4,All · signal × vol,0.31833406169082645,1.8561859973463708,746
