family,2019,2020,2021,2022,2023,2024,2025,2026
Advance Goods Trade Balance,29.0,31.0,34.0,33.0,35.0,35.0,36.0,38
Business Inventories,6.0,11.0,11.0,9.0,13.0,18.0,22.0,23
CPI,3.0,6.0,6.0,5.0,2.0,2.0,2.0,4
Case-Shiller 20-City,27.0,35.0,36.0,35.0,21.0,20.0,19.0,22
Chicago Fed Nat Activity Index,30.0,37.0,35.0,36.0,39.0,41.0,42.0,45
Conf. Board Consumer Confidence,24.0,32.0,30.0,29.0,28.0,23.0,17.0,20
Current Account Balance,,,,,,26.0,24.0,29
Dallas Fed Manf. Activity,,,,,,,,36
Durable Goods,26.0,30.0,10.0,12.0,11.0,13.0,9.0,12
Empire Manufacturing,8.0,14.0,15.0,16.0,20.0,24.0,25.0,25
Employment Cost Index,,,,,,16.0,23.0,24
Employment Report (NFP),1.0,2.0,2.0,2.0,3.0,3.0,3.0,3
Existing Home Sales MoM,28.0,36.0,37.0,38.0,37.0,38.0,39.0,41
Export Price Index MoM,,21.0,25.0,26.0,31.0,30.0,27.0,27
FHFA House Price Index MoM,,12.0,13.0,15.0,9.0,9.0,11.0,15
FOMC Rate Decision,,1.0,1.0,1.0,1.0,1.0,1.0,1
Factory Orders,9.0,9.0,9.0,11.0,12.0,12.0,10.0,13
Fed Interest on Reserve Balances Rate,,,,,5.0,4.0,4.0,5
Federal Budget Balance,32.0,39.0,39.0,39.0,40.0,42.0,43.0,46
GDP,12.0,16.0,19.0,17.0,17.0,15.0,15.0,16
Housing Starts,18.0,25.0,22.0,22.0,36.0,39.0,40.0,43
ISM Manufacturing,,3.0,3.0,3.0,4.0,5.0,6.0,8
ISM New Orders,,,,,,,,7
ISM Services,4.0,5.0,5.0,4.0,6.0,6.0,5.0,6
ISM Services Prices Paid,,,,,,,,2
Import Price Index YoY,21.0,23.0,27.0,28.0,33.0,36.0,30.0,32
JOLTS,20.0,26.0,28.0,30.0,14.0,10.0,13.0,11
Jobless Claims,25.0,24.0,24.0,25.0,23.0,21.0,21.0,21
Kansas City Fed Manf. Activity,,,,,,,20.0,26
Leading Index,13.0,17.0,21.0,24.0,22.0,25.0,29.0,30
MNI Chicago PMI,,22.0,23.0,23.0,26.0,33.0,37.0,40
NAHB Housing Market Index,19.0,29.0,26.0,21.0,30.0,37.0,38.0,42
New Home Sales,22.0,27.0,31.0,32.0,29.0,34.0,32.0,37
PPI,11.0,13.0,14.0,14.0,19.0,17.0,18.0,19
Pending Home Sales MoM,31.0,38.0,38.0,37.0,38.0,40.0,41.0,44
Personal Income / PCE,,34.0,32.0,31.0,32.0,28.0,26.0,31
Philadelphia Fed Business Outlook,17.0,20.0,20.0,20.0,18.0,19.0,16.0,18
Retail Sales,2.0,4.0,4.0,6.0,7.0,8.0,12.0,14
Richmond Fed Manufact. Index,23.0,28.0,29.0,27.0,27.0,29.0,31.0,33
S&P Global US Manufacturing PMI,10.0,8.0,8.0,8.0,8.0,7.0,7.0,9
S&P Global US Services PMI,16.0,15.0,16.0,13.0,10.0,11.0,8.0,10
Trade Balance,5.0,7.0,7.0,7.0,16.0,22.0,28.0,28
U. of Michigan Sentiment,7.0,10.0,12.0,10.0,15.0,14.0,14.0,17
Unit Labor Costs,,33.0,33.0,34.0,34.0,27.0,33.0,39
Wholesale Inventories,14.0,19.0,18.0,18.0,24.0,31.0,34.0,34
Wholesale Trade Sales MoM,15.0,18.0,17.0,19.0,25.0,32.0,35.0,35
