strategy,events,trades,trade_rate,hit_rate,avg_gross_bps,avg_cost_bps,avg_net_bps,total_net_pct,ann_return_pct,ann_vol_pct,sharpe_net,sharpe_gross,max_dd_pct,t_stat_trade,profit_factor,avg_win_bps,avg_loss_bps,total_cost_pct,trades_per_year,days_per_year
CPI · naive,85,85,1.0,0.5294117647058824,5.388344653494921,0.8568210110170231,4.5315236424778975,3.8517950961062133,0.5135726794808285,0.9520420720728751,0.5394432604880895,0.6403630883339284,-2.3013953745869924,1.4779042380524454,1.540766854377335,24.388075176715237,-17.8070968335391,0.7282978593644697,11.343167701863354,11.876963829009865
CPI · surprise model,85,66,0.7764705882352941,0.5,5.527455281114007,0.8570612219252222,4.670394059188785,3.0824600790645977,0.410994677208613,0.9072056978692172,0.453033615390566,0.5347409177430579,-1.9651682335214542,1.242058437862272,1.5043586761491827,27.860917859567337,-18.520129741189763,0.5656604064706465,8.807636097917428,8.807636097917428
CPI · signal × vol,85,85,1.0,0.5294117647058824,9.642557127391957,0.8365197966737816,8.806037330718176,7.48513173111045,0.9980175641480599,1.6395369757029135,0.608719156041103,0.6617557721258249,-2.7556564621298616,1.6680276671472247,2.1769579208072836,30.766353990048614,-15.899318911028576,0.7110418271727145,11.343167701863354,11.343167701863354
All · naive,746,694,0.9302949061662198,0.5302593659942363,2.5870435822706175,0.8536926061435943,1.7333509761270236,12.029455774321542,1.603927436576206,2.3565028013179417,0.6806388838914867,1.0121498738202916,-4.54212027423853,1.7871041774102832,1.2115558790957912,18.72045981420335,-17.442281086486737,5.924626686636544,92.61362805991962,89.81119839240044
All · surprise model,746,426,0.5710455764075067,0.5046948356807511,2.170296249297898,0.8332724803596027,1.337023768938295,5.695721255677135,0.7594295007569511,2.2461134865357826,0.33810825023281954,0.5466783715353359,-5.6434831074100975,1.0230704235864632,1.1472776235988937,20.636784184657035,-18.32860888214952,3.5497407663319067,56.8492875411034,53.77995981001096
All · signal × vol,746,723,0.9691689008042895,0.5255878284923928,1.7447081538684124,0.6411227353705753,1.103585418497837,7.9789225757393645,1.0638563434319155,3.6439503262179325,0.2919513846765566,0.46489845952351383,-12.821241580720944,0.6831721816399541,1.1414496221795645,16.943987063048258,-16.44554759878834,4.635317376729259,96.48364998173183,86.741870661308
Combined (CPI model + others × vol),757,715,0.9445178335535006,0.5230769230769231,1.3623085591714934,0.6619963437159716,0.7003122154555217,5.007232340506983,0.6676309787342639,4.060039413058916,0.16443953144564605,0.3224124129714019,-14.676183926177874,0.4467017706888297,1.0875259090826714,16.635242012710467,-16.77670756217893,4.7332738575691975,95.4160577274388,85.67427840701498
All · naive · 2nd window,746,694,0.9302949061662198,0.49279538904899134,0.45991349451899,0.8536926061435943,-0.39377911162460416,-2.7328270346747523,-0.36437693795663356,2.393656207119688,-0.1522260953234768,0.17793974620431346,-7.444906775091746,-0.5232686958047525,0.9448005961283011,13.677030339658407,-14.064849658041622,5.924626686636544,92.61362805991962,89.81119839240044
All · signal × vol · 2 windows,1492,1446,0.9691689008042895,0.5069156293222683,0.17689599670111095,0.6411227353705753,-0.4642267386694642,-6.7127186411604525,-0.8950291521547273,7.332666444819942,-0.12206052994364798,0.04749936826131158,-29.17669979676059,-0.42767901544444586,0.9391585728539908,14.136243074544055,-15.474246897274666,9.270634753458518,192.96729996346366,86.741870661308
