,total_pct,vol_pct,sharpe,max_dd_pct,beta,corr,trades_per_year,time_in_market_pct
CPI · naive,-2.9911693254678307,0.6078695538731347,-0.6710102909435839,-3.0298443577201666,0.0011319974125513967,0.011019235247823318,11.743514797223238,0.10351966873706005
CPI · surprise model,-0.1703310851700269,0.06289892170111896,-0.36927447293799825,-0.1703310851700269,-0.00016025643076256655,-0.015076088490298357,0.1334490317866277,0.001176359872012046
CPI · signal × vol,-1.9320987044937787,0.8817769386535843,-0.2987921248661152,-2.5962462660820473,0.006131332464639911,0.041144571312101065,11.743514797223238,0.10351966873706005
All · naive,-20.543259819190148,1.2135500329232594,-2.308395645591727,-20.721129182716282,0.00018812684219150872,0.0009172959828385063,81.93770551698941,0.7222849614153962
All · surprise model,-0.7676693572629587,0.1278075445026931,-0.81906107725203,-0.8718432261334669,0.00032238104099158296,0.014925518068191205,2.1351845085860433,0.018821757952192736
All · signal × vol,-14.196057358098743,1.700169771503137,-1.1386074707501816,-14.210110803939147,0.006149847886152496,0.021403682289382792,83.93944099378882,0.739930359495577
Combined (CPI model + others × vol),-12.754615269937036,1.3329957783426492,-1.3047796151239546,-12.996401690197699,-0.0019263363919726757,-0.008551056334812542,72.46282426013885,0.6387634105025409
All · naive · 2nd window,-19.308457101720343,0.8938058011866488,-2.9457980911135726,-19.419651666391875,-0.001488145946678425,-0.009851872188390192,81.93770551698941,0.7222849614153962
All · signal × vol · 2 windows,-32.453454564111325,2.0375767553155706,-2.1719285250870795,-32.453454564111325,0.011740285932595504,0.034094247454571916,167.87888198757764,1.479860718991154
