model,trades_per_year,net_bps_per_trade,sharpe_net,max_dd_pct,sharpe_ex_2022,p_random_sign
Surprise only — CPI (NB04),8.273839970770917,12.12433321362985,0.7935357246447727,-2.0474184397085433,,
Surprise + State — CPI (NB04),8.540738034344173,11.189993759969024,0.7465017150284975,-2.7432641259650556,,
Surprise + Adaptive state — CPI (NB04),8.540738034344173,11.189993759969024,0.7465017150284975,-2.7432641259650556,,
Surprise only — ~10 releases (NB05),96.75054804530508,2.411615894670032,0.7116825003882759,-5.662264932735561,0.4388714434449982,0.005
Surprise only — CPI model (NB05),11.476616733649982,7.119735634818185,0.5544953702171105,-2.74258763501663,-0.013971619116893633,0.047
Surprise + Pattern (agree) — ~10 releases,50.844081110705154,3.1069736760855564,0.6205836968516433,-6.715755577225493,0.5878512955028972,0.021
Surprise + Pattern (blend) — ~10 releases,74.46455973693826,1.9134680569871125,0.6672793604972095,-5.561479547337779,0.512033634830008,0.013
Surprise + Pattern (agree) — CPI,7.206247716477896,10.055089978040984,0.5404840457543861,-2.3820745814493436,-0.050569429527574795,0.057
Pattern only (DTW) — ~10 releases,63.1213920350749,0.3449165115528803,0.08260412852706722,-8.281720455386054,0.17117368246654166,0.271
"Peer: Jack DTW (slide, 2018-26)",185.0,1.18,0.613,-4.928,,
