book,scenario,trades_per_year,net_bps_per_unit,hit_rate,total_net_pct,sharpe,sharpe_ex_2022,max_dd_pct,p_random_sign
Reza · ES · CPI surprise model,gross,8.941085129704055,9.604434599354189,0.582089552238806,6.434971181567306,0.8775006069893714,0.20720358243409118,-1.8625572938994148,
Reza · ES · CPI surprise model,Jack: 1/4 tick per side,8.941085129704055,9.312755681877459,0.582089552238806,6.239546306857898,0.8519673664853266,0.17379657759622216,-1.8991517552699966,0.015
Reza · ES · CPI surprise model,1/2 tick per side,8.941085129704055,9.021076764400728,0.582089552238806,6.044121432148488,0.8263466126584393,0.14030948904376087,-1.9357462166405748,
Reza · ES · CPI surprise model,ours: 2 ticks + $4.50,8.941085129704055,8.227710108864024,0.582089552238806,5.5125657729388955,0.7562273826459089,0.04885152882664287,-2.0352831515685477,
Reza · ES · All releases (surprise),gross,98.35193642674462,3.151999611106551,0.5373134328358209,23.198717137744215,1.170248167434128,0.8663964629553235,-3.4865085029929688,
Reza · ES · All releases (surprise),Jack: 1/4 tick per side,98.35193642674462,2.852463818441101,0.5373134328358209,20.9941337037265,1.0597128348618392,0.7414999736724633,-3.588829545441115,0.0
Reza · ES · All releases (surprise),1/2 tick per side,98.35193642674462,2.5529280257756493,0.5305291723202171,18.78955026970878,0.9489282423298858,0.6163707099162394,-3.6911505878892754,
Reza · ES · All releases (surprise),ours: 2 ticks + $4.50,98.35193642674462,1.738190669725623,0.5074626865671642,12.793083329180586,0.6466324695728737,0.2753433353465564,-4.835768844733953,
Reza · NQ · All releases (surprise),gross,96.75054804530508,2.9676650319356215,0.5310344827586206,15.24730032781489,0.8717197400898762,0.6296902481644246,-3.8809100916612476,
Reza · NQ · All releases (surprise),Jack: 1/4 tick per side,96.75054804530508,2.8732332309720823,0.5310344827586206,14.762127636728387,0.8441771949036116,0.5968388836589772,-3.9060161259519592,0.01
Reza · NQ · All releases (surprise),1/2 tick per side,96.75054804530508,2.778801430008542,0.5310344827586206,14.276954945641878,0.8166126184246649,0.5639649957935077,-3.9311221602426762,
Reza · NQ · All releases (surprise),ours: 2 ticks + $4.50,96.75054804530508,2.4199605863470905,0.5296551724137931,12.43329871951315,0.7116825003882757,0.4388714434449985,-4.026525090547386,
Reza · ES+NQ · All releases (surprise),gross,195.1024844720497,3.076220247367024,0.5341997264021888,38.44601746555911,1.0877574347607364,0.8173550440923422,-6.903966154473483,
Reza · ES+NQ · All releases (surprise),Jack: 1/4 tick per side,195.1024844720497,2.8610020583845786,0.5341997264021888,35.756261340454884,1.012204531660753,0.7278241292796672,-6.9852223973982355,0.001
Reza · ES+NQ · All releases (surprise),1/2 tick per side,195.1024844720497,2.6457838694021336,0.53077975376197,33.06650521535066,0.9365163569694444,0.6381410423078344,-7.066478640323009,
Reza · ES+NQ · All releases (surprise),ours: 2 ticks + $4.50,195.1024844720497,2.0184641307913203,0.518467852257182,25.226382048693736,0.7152805355765078,0.3762943884130773,-7.417475147023854,
Hoshea · ES · DTW event games (FOMC/JOLTS/PCE/Claims),gross,372.05590062111804,0.6559620802494286,0.5164992826398852,18.28822279735407,0.43638647434021544,0.33464633538164196,-10.84044164647775,
Hoshea · ES · DTW event games (FOMC/JOLTS/PCE/Claims),Jack: 1/4 tick per side,372.05590062111804,0.35663653559790265,0.5164992826398852,9.943026612469525,0.23745208308817664,0.12325299379342577,-10.962060936180613,0.116
Hoshea · ES · DTW event games (FOMC/JOLTS/PCE/Claims),1/2 tick per side,372.05590062111804,0.057310990946376816,0.5071736011477762,1.5978304275849857,0.03817684259113693,-0.0883285531134466,-11.08368022588348,
Hoshea · ES · DTW event games (FOMC/JOLTS/PCE/Claims),ours: 2 ticks + $4.50,372.05590062111804,-0.7568544905057738,0.4806312769010043,-21.101103195300976,-0.5039780291130491,-0.6626004947282235,-25.67107956121194,
"Aaryen · ES · classifier, 10m, lag 0 (as reported)",gross,54.580654000730725,26.283233379936416,0.6650366748166259,36.85630249796989,2.309588705415249,2.5343447548173006,-0.9899601036496927,
"Aaryen · ES · classifier, 10m, lag 0 (as reported)",Jack: 1/4 tick per side,54.580654000730725,25.9881199704095,0.6650366748166259,36.44247255035644,2.2879924311411077,2.496927102937793,-1.0071290250624245,0.0
"Aaryen · ES · classifier, 10m, lag 0 (as reported)",1/2 tick per side,54.580654000730725,25.693006560882594,0.6552567237163814,36.028642602743005,2.266290819195582,2.459330679614746,-1.0242979464751574,
"Aaryen · ES · classifier, 10m, lag 0 (as reported)",ours: 2 ticks + $4.50,54.580654000730725,24.8902980869694,0.6356968215158925,34.90302514523443,2.206729045774692,2.3561830858564843,-1.0709974127177895,
"Aaryen · ES · classifier, 10m, lag 1 (executable)",gross,54.580654000730725,1.2573970546972697,0.5232273838630807,1.7632155655306625,0.3240751003024169,0.027968065048312327,-1.14126673224098,
"Aaryen · ES · classifier, 10m, lag 1 (executable)",Jack: 1/4 tick per side,54.580654000730725,0.962214933629259,0.5232273838630807,1.3492892654895183,0.24845988535695548,-0.05372332735422814,-1.21369802316133,0.205
"Aaryen · ES · classifier, 10m, lag 1 (executable)",1/2 tick per side,54.580654000730725,0.6670328125612484,0.5183374083129584,0.9353629654483744,0.17254146528610667,-0.13564957847043582,-1.2861293140816812,
"Aaryen · ES · classifier, 10m, lag 1 (executable)",ours: 2 ticks + $4.50,54.580654000730725,-0.1358625567437415,0.4841075794621027,-0.19051657066353875,-0.03529130007148603,-0.35943666928451673,-1.6047815765322666,
"Aaryen · ES · classifier, 30m, lag 0 (as reported)",gross,54.580654000730725,32.60021417975813,0.6405867970660146,39.07748031042169,2.0444798243819284,2.3634362929483004,-1.4470802461508403,
"Aaryen · ES · classifier, 30m, lag 0 (as reported)",Jack: 1/4 tick per side,54.580654000730725,32.30604293565726,0.6405867970660146,38.72486081731475,2.0291843508022267,2.333780062657673,-1.4509700310193885,0.0
"Aaryen · ES · classifier, 30m, lag 0 (as reported)",1/2 tick per side,54.580654000730725,32.01187169155638,0.6308068459657702,38.3722413242078,2.013830007057521,2.303967955233979,-1.4548598158879367,
"Aaryen · ES · classifier, 30m, lag 0 (as reported)",ours: 2 ticks + $4.50,54.580654000730725,31.211725907602002,0.6161369193154034,37.41311630295691,1.9717678066839253,2.22209740116394,-1.4659832447616523,
"Aaryen · ES · classifier, 30m, lag 1 (executable)",gross,54.580654000730725,6.137808272354591,0.5599022004889975,7.357316138769595,1.075731164220653,0.7403451842488394,-1.299306495631495,
"Aaryen · ES · classifier, 30m, lag 1 (executable)",Jack: 1/4 tick per side,54.580654000730725,5.843570616300286,0.5599022004889975,7.004617038461658,1.0267792115980792,0.6831743119380108,-1.3226887102902642,0.001
"Aaryen · ES · classifier, 30m, lag 1 (executable)",1/2 tick per side,54.580654000730725,5.549332960245982,0.5452322738386308,6.651917938153723,0.9775213992288989,0.6257851362119261,-1.3536801161427205,
"Aaryen · ES · classifier, 30m, lag 1 (executable)",ours: 2 ticks + $4.50,54.580654000730725,4.7490065357782765,0.5330073349633252,5.692576385316141,0.8420385013714046,0.46867208354002676,-1.475013872547514,
"Aaryen · ES · classifier, 60m, lag 0 (as reported)",gross,53.91340884179759,28.29177468617732,0.6089108910891089,31.000923896836365,1.8479805768658355,2.3902825506584997,-1.272929695296149,
"Aaryen · ES · classifier, 60m, lag 0 (as reported)",Jack: 1/4 tick per side,53.91340884179759,28.001230359377914,0.6089108910891089,30.682557775810857,1.8320944391452167,2.3618660183000055,-1.2777875697872787,0.0
"Aaryen · ES · classifier, 60m, lag 0 (as reported)",1/2 tick per side,53.91340884179759,27.7106860325785,0.599009900990099,30.36419165478534,1.816144827093866,2.3333084310172794,-1.28264544427841,
"Aaryen · ES · classifier, 60m, lag 0 (as reported)",ours: 2 ticks + $4.50,53.91340884179759,26.92040546368411,0.5792079207920792,29.49823580559595,1.7724398442582718,2.254921686875205,-1.2958588628942813,
"Aaryen · ES · classifier, 60m, lag 1 (executable)",gross,53.91340884179759,0.7860342676323606,0.504950495049505,0.8613029327948746,0.10358104094816899,0.23157000019735346,-3.3861885313122757,
"Aaryen · ES · classifier, 60m, lag 1 (executable)",Jack: 1/4 tick per side,53.91340884179759,0.4954029310158866,0.504950495049505,0.5428414701109825,0.06531485772855603,0.18177261176790427,-3.4447516254740336,0.377
"Aaryen · ES · classifier, 60m, lag 1 (executable)",1/2 tick per side,53.91340884179759,0.20477159439941164,0.5,0.2243800074270893,0.027009929287586776,0.1318961888080565,-3.503314719635793,
"Aaryen · ES · classifier, 60m, lag 1 (executable)",ours: 2 ticks + $4.50,53.91340884179759,-0.5857456411973969,0.48267326732673266,-0.6418351710730965,-0.07734549478091288,-0.00411510088905559,-3.6626063357557754,
Jack · ES · DTW 5-window ladder (replication),gross,315.07316404822797,0.43794419312685623,0.5044472681067345,9.485052788810043,0.30522881369496646,0.2764341487867644,-16.945270969533944,
Jack · ES · DTW 5-window ladder (replication),Jack: 1/4 tick per side,315.07316404822797,0.13974249601201186,0.5044472681067345,3.0265613115004157,0.09747147918959179,0.0745118170190064,-19.530137636642223,0.217
Jack · ES · DTW 5-window ladder (replication),1/2 tick per side,315.07316404822797,-0.1584592011028326,0.49555273189326554,-3.4319301658092125,-0.11056972897600349,-0.12781654178769197,-22.16030062584334,
Jack · ES · DTW 5-window ladder (replication),ours: 2 ticks + $4.50,315.07316404822797,-0.969567817255209,0.4726810673443456,-20.999026984091394,-0.6759019239489168,-0.6781333535334085,-30.965531284602616,
