,trades_per_year,net_bps_per_unit,hit_rate,total_net_pct,sharpe,sharpe_ex_2022,max_dd_pct,p_random_sign
"Aaryen · ES · classifier, 10m, lag 0 (as reported)",54.580654000730725,25.9881199704095,0.6650366748166259,36.44247255035644,2.2879924311411077,2.496927102937793,-1.0071290250624245,0.0
"Aaryen · ES · classifier, 30m, lag 0 (as reported)",54.580654000730725,32.30604293565726,0.6405867970660146,38.72486081731475,2.0291843508022267,2.333780062657673,-1.4509700310193885,0.0
"Aaryen · ES · classifier, 60m, lag 0 (as reported)",53.91340884179759,28.001230359377914,0.6089108910891089,30.682557775810857,1.8320944391452167,2.3618660183000055,-1.2777875697872787,0.0
Reza · ES+NQ+YM · All releases (surprise),287.7161125319693,2.7113930600112055,0.5371057513914657,53.05466281070363,1.1011391976467382,0.7899964084941931,-8.152987812327517,0.0
Reza · ES · All releases (surprise),98.35193642674462,2.852463818441101,0.5373134328358209,20.9941337037265,1.0597128348618392,0.7414999736724633,-3.588829545441115,0.0
"Aaryen · ES · classifier, 30m, lag 1 (executable)",54.580654000730725,5.843570616300286,0.5599022004889975,7.004617038461658,1.0267792115980792,0.6831743119380108,-1.3226887102902642,0.001
Reza · ES+NQ · All releases (surprise),195.1024844720497,2.8610020583845786,0.5341997264021888,35.756261340454884,1.012204531660753,0.7278241292796672,-6.9852223973982355,0.001
Reza · YM · All releases (surprise),92.61362805991962,2.446906806530805,0.5432276657060519,17.29840147024875,0.9552114571666,0.6856355862725637,-4.072220932151719,0.002
Reza · ES · CPI surprise model,8.941085129704055,9.312755681877459,0.582089552238806,6.239546306857898,0.8519673664853266,0.17379657759622216,-1.8991517552699966,0.015
Reza · NQ · All releases (surprise),96.75054804530508,2.8732332309720823,0.5310344827586206,14.762127636728387,0.8441771949036116,0.5968388836589772,-3.9060161259519592,0.01
"Aaryen · ES · classifier, 10m, lag 1 (executable)",54.580654000730725,0.962214933629259,0.5232273838630807,1.3492892654895183,0.24845988535695548,-0.05372332735422814,-1.21369802316133,0.205
Hoshea · ES · DTW event games (FOMC/JOLTS/PCE/Claims),372.05590062111804,0.35663653559790265,0.5164992826398852,9.943026612469525,0.23745208308817664,0.12325299379342577,-10.962060936180613,0.116
Jack · ES · DTW 5-window ladder (replication),315.07316404822797,0.13974249601201186,0.5044472681067345,3.0265613115004157,0.09747147918959179,0.0745118170190064,-19.530137636642223,0.217
"Aaryen · ES · classifier, 60m, lag 1 (executable)",53.91340884179759,0.4954029310158866,0.504950495049505,0.5428414701109825,0.06531485772855603,0.18177261176790427,-3.4447516254740336,0.377
"Jack · ES · DTW ladder, SLIDE (2018-26, reference only)",185.0,1.18,,18.597,0.613,,-4.928,
